sequence,label
QVQLVESGGGVVQPGRSLRLSCAASGFTFSSYGMHWVRQAPGKGLEWVAVIWYEGSNKYYADSVKGRFTISRDNSKNTLYLQMNSLRAEDTAVYYCARGGSMVRGDYYYGMDVWGQGTTVTVSS,0
QVQLVESGGGLVQAGGSLRLSCAASGFPVEVWRMEWYRQAPGKEREGVAAIESYGHGTRYADSVKGRFTISRDNAKNTVYLQMNSLKPEDTAVYYCNVYDDGQLAYHYDYWGQGTQVTVSS,1
QVQLVQSGAEVKKPGSSVKVSCKASGDTFRSFALSWVRQAPGQGLEWMGVINPVFGAAHYAQKFQGRVTFIPDERTSTAYMVLSSLRSADTAVYYCARLFPSGNPDRPEDGVDVWGQGTMVTVSS,1
EVQLVQSGAEVKKPGATVKISCKASGFNIKDYFMHWVQQAPGKGLEWMGWITPETGDTEYAPKFQGRVTITADTSTNTAYMELSSLRSEDTAVYYCYARGVYQALDYWGQGTLVTVSS,0
QVQLLESGGGVVQPGRSLRLSCAVSGFTFSSYGMHWVRQAPGKGLEWVTFISYDGSNEYYADSVKGRFTISRDSSKNTLYLQMNSLRPEDTAVYYCAKSEYSYAYKVHFLDYWGQGTLVTVSS,1
EVQLVESGGGVVQPGRSLRLSCAASGFTFSNYPMHWVRQAPGKGLEWVAVISYDGSEKWYADSVKGRFTISRDNSKNTLYLEMNSLRPEDTAVYYCARNRGDIYYDFTYAMDIWGQGTTVTVSS,0
EVQLVESGGGLVQPGRSLRLSCAASGLNFEDYAMHWVRQAPGKGLEWVSGISWNSGTIGYADSVQGRFIISRDNAKNSLYLQMIRLRPEDTALYYCAKDISAGNYPRPGERGPGFNIWGQGTMVTVSS,1
QVQLVQSGAEVKKPGSSVKVSCKASGGTFSSYAISWVRQAPGQGLEWMGGIIPIFGTANYAQKFQGRVTITADESTSTAYMELSSLRSEDTAVYYCARDPLGIRKHWFDPWGQGTLVTVSS,0
QVQLVQSGVEVKKPGASVKVSCKASGYTFSNHGISWVRQAPGQGLEWVGWISGHDDSTKYAQKFQGRVTMTADTSTSTAYIELRSLKSDDTAVYYCARPFYDTLTSYVFPFYPHWGQGTMVTVSS,0
QVQLQESGPGLVKPPETLSLTCAVSGYSISSGHYWIWIRQPPGKGLEWIGGIYHSGSTYYNPSLKSRVTISVDTSKNQFSLKLSSVTAADTAVYYCARGGGATYSRGPLDVWGQGTTVTVSS,0
EVQLLESGGGLVQPGGSLRLSCAASGFTFSWYDMSWVRQAPGKGLEWVSRISPSGGYTMYADSVKGRFTISRDNSKNTLYLQMNSLRAEDTAVYYCARLEVGATSGGTAFDIWGQGTMVTVSS,0
QEQLLESGGGVVQPGGSLRLSCLASGFTFHKYGMHWVRQAPGKGLEWVALISDDGMRKYHSNSMWGRVTISRDNSKNTLYLQFSSLKVEDTAMFFCAREAGGPIWHDDVKYYDFNDGYYNYHYMDVWGKGTTVTVSS,0
QVQLVESGGGVVQPGRSLRLSCAASGFTFSTYALHWVRQAPGKGLEWVALISYDGSNNYYADSVKGRFTISRDNSKNTLYLQMNSLRAEDTAVYYCARVRGGGYNYGFDYWGQGTLVTVSS,1
QVQLVDSGGGVVQPGRSLRLSCAASKFTFSSYAMQWVRQAPGKGLEWVAVISSDGSDKYYADSVKGRFTISRDNSKNTLYLQMNSLRPEDTAVYYCARPRRTVTYHDAFDFWGQGTMVTVSS,1
VTLKVCGPGILQPSQTLGLACTFSGISLSTSGMGLSWLRKPSGKALEWLASIWNNDNYYNPSLKSRLTISKETSNNQVFLKLTSVDTADSTTYFCAWRERTMVTTSMLWTTG,0
EVQLVESGGGLVQPGGSLRLSCAASGFTFSSYDMHWVRQATGKGLEWVSTIGTSGDTYYPGSVKGRFTISRENAKNSLYLQMNSLRAGDTAVYYCARGGGDGYNLGLWYFDLWGRGTLVTVSS,1
QVQLVESGGGVVQPGRSLRLSCEASGFIFSNYGMHWVRQAPGKGLEWVAGILYDGSNKYYADSVKDRFTISRDNSKNTLYLQMNSLRTEDTAVYYCAKVLGPYCSGGPCSSGKFDYWGQGTLVTVSS,1
QVQLQQSGSELKKPGASVIVSCKVSGYSLTKMSMHWVRQSPGEGLEWVGGIDPETRQPVYAQKFQGRVTITKDTSASAAYMELSSLGSEDTALYYCARATYDPLTGYSFDGFDIWGQGTLVTVSS,0
EVQLLESGGGLVRPGGSLRLSCAASGFTFSGSSMSWVRQAPGKGLEWVGAIDGGDGYTNYADSVRGRFTISRDNSKNTLYLQMNSLRAEDTAVYYCAKGWHPQTYYGLDYWGQGTLVTVSS,0
DVKLVESGGGLVKPGGSLKLSCAASGFTFRNHAMSWVRQTPEKRLEWVAAINVNAGSTYYPDTVKDRFTISRDNAKNTLYLQMSSLRSEDTALYYCARHRAYYNYDENAMDYWGQGTSVTVSS,0
EVQLVESGGGLVQPGGSLRLSCAASGFTFSSYWMSWVRQAPGKGLEWVAYIKQDGSEKYYVDSVKGRFTISRDNAKNSLYLQMNSLRAEDTAVYYCARVKSSSSWSYYDSSGYYYPDYWGQGTLVTVSS,0
QLQLVESGGDLVQPGESLRLSCVASFDDFAIGWIGWFRQAPGKEREGVSCSARGIVNTSYADSVRGRFTISRENAKNAVYLGMNSLKPEDTAVYYCAALVGLNDRSLPHEAEEYDYWGQGTQVTVSS,1
QLQLQESGPGLVKPSETLSLTCTVSGGSISSSSTYWSWIRQPPGKGLEWIGGIAYSGSTYYNPSLKSRVTISVDTSKNQFSLKLSSVTAADTAVYYCARGTRRAVPFDYWGQGTLVTVSS,0
QVQLVQSGGGLVQPGGSLRLSCAASGFTFSSYEMNWVRQAPGKGLEWISYISRSGTATYYADSVKGRFTISRDNAKNSLYLQMNSLRAEDMAVYYCAGEGYFGSAAINYFAFWGQGTLVTVSS,0
QVQLVESGGGVVQPGRSLRLSCAASGFIFSSYAMHWVRQAPGNGLEWVAFMSYDGSNKKYADSVKGRFTISRDNSKNTLYLQMNSLRAEDTAVYYCARDRGIAAGGNYYYYGMDVWGQGTTVTVSS,0
QXQLVQSGAEVKKPGASVKVSCKASGYIFTSSIMHWVRQAPGQGLEWIGYIKPYNDGTKYNEKFKGRATLTSDRSTSTAYMELSSLRSEDTAVYYCAREGGNDYYDTMDYWGQGTLVTVSS,0
QVQLVESGGGVVQPGRSLRLSCAASGFTFSSYGMFWVRQAPGKGLEWVATVWFDGSSEYYADSVKGRFTISRDNSKKTLYLQMSSLRVEDTAVYYCARERTYYYGAQGGEFGGLDVWGHGTTVTVSS,1
DVQLVESGGGLVQPGGSRKLSCSASGFAFSSFGMHWVRQAPEKGLEWVAYISSGSGTIYYADTVKGRFTISRDDPKNTLFLQMTSLRSEDTAMYYCVRSIYYYGSSPFDFWGQGTTLTVSS,0
QVQLQESGGGVVQPGRSLRLSCAASGFTFSSYAMHWVRQAPGKGLEWVAVISYDGSNKYYADSVKGRFTISRDNSKNTLYLQMNSLRAEDTAVYYCARADSSGRVYYYYGMDVWGQGTTVTVSS,1
EVQLVESGGGLVQPGGSLRLSCAASRFMFNRYAMSWVRQAPGKGLEWVSGISGSGDSTQYADSVKGRFTISRDNSKNTLYLQMNSLRAEDTAVYYCAKDLYGGSSSSTLEYWGQGTLVTVSS,1
QVQLVQSGAEVKRPGASVKVSCKVSGYTLVELSIHWVRQAPGKGLEWMGGFDPEDGETIYAQKFQGRVTMTEDTSTDTAYMQLSSLRSEDTAIYYCTTTTPKGHPGWLDPWGQGTLVTVSS,1
QVQLVQSGAEVKKPGASVKVSCKASGYTFKSYEMHWVRQAPGQGLEWMGRINPSVGSTWYAQKFQGRVTMTRDTSTSTVYMELSSLRSEDTAVYYCARGKREGGTEYLRNWGQGTLVTVSS,0
EVKLVESGGGLVQPGGSLRLSCVTSGFTFTYYYMSWVRQPPGKALEWLGFIKNEANGYATDYSASVRGRFTLSRDNSQGILYLQMNTLSAEDSATYYCARGAGSGAWFAYWGRGTLVTVSA,0
EVQLVESGGGLVQPGGSLRLSCAASGFTFSTYAMSWVRQAPGKGLEWVGRIRSKYNNYATYYADSVKGRFTISRDDSKNTLYLQMNSLRAEDTAVYYCVRHGNFGDSYVSWFAYWGQGTLVTVSS,0
EVQLVESGGGLVKPGGSLRLSCVASGFTFSNYWMNWVRQAPGKGLEWVAEIRLYSNNYATHYAESVKGRFTISRDDSKSTLYLQMNNLKTEDTGVYYCTRYYGNYGGYFDVWGRGTLVTVSS,0
QVQLVQSGAEVKKPGASVKVSCKVSGYTLTELSIHWVRQAPGKGLEWMGGFDPEDVETIYAQKFQGRVTMTEDTSTDTAYMELSSLRSEDTAVYYCATHYAAAGRGLVDYWGQGTLVTVSS,1
QVQLQESGPGLVKPSGTLSLTCAVSGGSISSSYWWTWVRQSPGKGLEWVGEIFHTGSTNYNPSLKSRITMSVDKSKNQFSLILSSVTAADTAVYYCARRSSGYDGYWYFDLWGRGTLVTVSS,1
QVQLVQSGVEVKKPGASVKVSCKASGYTFSNHGISWVRQAPGQGLEWVGWISGHDDSTKYAQKFQGRVTMTADTSTSTAYIELRSLKSDDTAVYYCARPFYDILTSYVFQYFDHWGQGTMVTVSS,0
QVQLVQSGVEVKKPGASVKVSCKASGYTFSNHGISWVRQAPGQGLEWVGWISGHDDSTKYAQKFQGRVTMTADTSTSTAYIELRSLKSDDTAVYYCARPFYDTLTSYVFQYFDHWGQGTMVTVSS,0
QVQLVESGGGLVKPGGSLRLSCAASGFTFSDYYMSWIRQAPGKGLEWVSYISSSGSTIYYADSVKGRFTISRDNAKNSLYLQMNSLRAEDTAVYYCARHSSLGTHNWFDPWGQGTLVTVSS,0
EVMLVESGGGLVKPGGSLKVSCAASGFTFSIYAMCWVRQTPEKRLEWVATISSGGSNTYYPDSVKGRFTISRDNAKNTLYLQMSSLRSEDTAVYYCARGDVYYDYDGRGFDYWGQGTTLTVSS,0
QVQLVQSEAEVKKPGASVKVSCKASGYTFTGSYIHWVRQAPGQGLEWMGWINPNSGGTNYARKFQGRVTMTRDTSISTAYMELNRLTFDDTAVYYCATGELGHWYFDLWGRGTLVTVSS,0
QVQLQESGPGLVKPSETLSLTCTVFGGSISRYYWSWIRQPPGKGLECIGYLYDSGSTSYNPSLKSRVTISVDTPKNQFSLRMTSVTAADTAMYYCARVGIGAPPHYYKAMDVWGQGTTVTVSS,1
QVQLVESGGGVVQPGRSLRLSCAASGFTFRTYAVHWVRQAPGKGPEWVAVISYDGSNKYYADSVKGRFTLSRDTSKNTLYLQMNSLRAEDTAVYYCASRGDTVTTGDAFDIWGQGTMVTVSS,1
EVQLVESGGGLVKPGGSLRLSCAASGFTFSNYWMNWVRQAPGKGLEWVGEIRLKSNNYATHYAEPVKGRFTISRDDSKSTVYLQMNSLKTEDTAVYYCTRYYGDYGGYFDVWGAGTLVTVSS,0
EVQLLESGGGVVQPGRSLRLSCAASGFTFSYYGMHWVRQAPGTGLEWVAVISYDGSNEYYADSVKGRFTISRDNSKNTLYLQMNSLRAEDTAVYYCAKAMFLGDSSGLTGLDMDVWGQGTTVTVSS,1
EVQLVESGGGVVQPGRSLRLSCAASGFTFSSYTMHWVRQAPGKGLEWVAVISYDGSNKYYADSVKGRFTISRDNSKNTLYLQMNSLRAEDTAVYYCASLPVVPAAIGPLPAFDIWGQGTMVTVSS,1
QLQLVESGGGLVQAGGSMRLSCAASISFSSFPMGWHRQAPGKQRELVAKTGIGGTAYDDSVKGRFTISRDNTKNTVYLQMNSLKVEDTAVYYCWGWRMNDYWGQGTQVTVSS,1
QVQLLESGAELVKPGASVKLSCKASGYTFTSYWMHWVKQRPGRGLEWIGMIDPNSGGTKYNEKFKSKATLTVDKPSNTAYMQLSSLTSEDSAVYYCTRRDMDYWGAGTTVTVSS,0
EVKLEESGGGLVQPGGSLKLSCAASGFDFSKDWMSWVRQAPGKGLEWIGEINPDSSTINYAPSLKDKFIISRENAKNTLYLQMSKVRSEDTALYYCSRLEDYEDWYFDVWGAGTTVTVSS,0
QVQLKQSGPGLVQPSQSLSITCTVSGFSLTNYGVHWVRQSPGKGLEWLGVIWSGGNTDYNTPFTSRLSINKDNSKSQVFFKMNSLQSNDTAIYYCARALTYYDYEFAYWGQGTLVTVSA,0
QVQLVQSGAEVKKPGASVKVSCKASGYTFTRHYIHWVRQAPGQGLEWMGIINPSGGGASYAQKFQGRVTMTRDTSTSTVYMEVSSLRYEDTAVYYCARAEGGSWLGWFDPWGQGTLVTVSS,1
QVQLQQSGAELARPGASVKLSCKASGYTCTSYWMQWVKQRPGQGLEWIGAIYPGDGDTRYTQKFKGKATLTADKSSSTAYMQLSSLASEDSAVYYCARGRRTEAWFAYWGQGTLVTVSA,0
QSLEESGGRLVTPGTPLTLTCTASGFSLSNYYMTWVRQAPGKGLEWIGMIYGSDETAYANWAIGRFTISKTSTTVDLKMTSLTAADTATYFCARDDSSDWDAKFNLWGQGTLVTVSS,0
EVKKPGASVKVSCKASGYTFTSYGISWVRQAPGQGLEWMGWISAYNGNTNYAQKLQGRVTMTTDTSTSTAYMELRSLRSDDTAVYYCARSPYDFWSGYYTGYYYYMDVWGKGTMVTVSS,0
QVQLVESGGGVVQPGRSLRLSCAASGFPFSTYGMHWVRQAPGKGLEWVAVISYDGSNKYYADSVKGRFTISRDNSKNTLYLQMNSLRAEDTAVYYCAKDFQYVAATHSPYYYYGMDVWGQGTTVTVSS,1
EVQLVESGGGLVKPGRSLRLSCTTSGFTFGDYTMSWFRQAPGKGLEWVGFIRTEAFGGTTEYAASVKGRFTISRDDSKSIAFLQMNSLKTEDTAVYYCTRRIMYYSDNSGSRTFDYWGQGTLVTVSS,1
GVQLVQSGAEVKKPGASVKVSCKASGYTFTKYTMHWVRQAPGQGPEWMGWINGGSGDTKYSRKFQGRVTITKDTSASAAYMELSSLGSEDTALYYCARATYDPLTGYSFDGFDIWGQGTMVTVSS,0
EVQLVESGGGLVQPGGSLRLSCAASGFTINNWGIHWVRQAPGKGLEWVAGIWPFGGYTYYADSVKGRFTISADTSKNTAYLQMNSLRAEDTAVYYCARFDYLNNGGMDYWGQGTLVTVSS,0
QVQLVQSGAEVKKPGASVKVSCKASGYTFTNYGMNWVRQAPGQRLEWMGWINTYTGDPTYADDFKGRVTITRDTSASTAYMELSSLRSEDTAVYYCARIGGNSPSDYWGQGTTVTVSS,0
QVQLVESGGGVVQPGRSLRLSCAASGFTFSSYGMHWVRQAPGKGLEWVAVISYDGSNKYYADSVKGRFTISRDNSKNTLYLQMNSLRAEDTAVYYCAKQGGQYCGGDCLTGYFDYWGQGTLVTVSS,1
QVQLVESGGGVVQPGRSLRLSCAASGFPFSIYGMHWVRQAPGKGLEWVAVISYDGGNKYYADSVKGRFTISRDNSKNTLYLQMNSLRAEDTAVYYCAKEGRPSDIVVVVAFDYWGQGTLVTVSS,1
EVQLLESGGGLVQPGGSLRLSCAASGFTFSSYAMNWVRQAPGKGLEWVSAISGRGGTTYYADSVKGRFTISRDNSKSTLCLQMNSLRAEDTAVYYCAKARANWDYFDYWGQGTLVTVSS,0
EVQLVESGGGLVKPGGSLRLSCVASGFTFSNYWMNWVRQAPGKGLEWVAEIRLYSNNYATHYAESVKGRFTISRDDSKSTLYLQMNNLKTEDTGVYYCTRYYGNYGGYFDVWGQGTLVTVSS,0
QVYLVESGGGVVQPGRSLRLSCAASGITFSIYGMHWVRQAPGKGLEWVAVIWYDGSHEYYADSVKGRFTISRDNSKNTLYLLMNSLRAEDTAVYYCARDGDYYDSGSPLDYWGQGTLVTVSS,0
EVQLVESGGGLVKPGGSLRLSCAASGFSFNNYEMNWVRQAPGKGLEWVSYISRSGGPIYYADSVKGRFTISRDNAKNSLYLQMNSLRVEDTAVYYCARDFDWLLDDEPGAFDIWGQGTMVTVSS,1
EVQLLESGGGLVQPGGSLRLSCAASGFTFSPYPMMWVRQAPGKGLEWVSYISPSGGKTHYADSVKGRFTISRDNSKNTLYLQMNSLRAEDTAVYYCARGGDTYFDYFDYWGQGTLVTVSS,0
QVQLVESGGGVVQPGRSLRLSCAASGFTFSSHAMHWVRQAPGKGLEWVAVISYDGSNKYYADSVKGRFTISRDNSKNTLYLQMNSLRAEDTAVYYCAREDYYDSSGSFDYWGQGTLVTVSS,1
QVQLQQSGAEVKKPGASVKVSCKASKYTFANHYIHWVRQAPGEGLEWMGNINPSGSSTRYAQRFQGRVTMTRDTSTSTVYMELSNLRSDDTAVYYCARATYDPLTGYSFDGFDIWGKGTLVTVSS,0
EVQLVESGPGLVKPSETLSLTCTASGGSISTYYWSWIRQPPGKGLEWIGYIYYSGSTNYNPSLKSRVTISVDTSKNQFSLKLSSVTAADTAVYYCARDRIAPVGKFFGWYFDLWGRGTLVTVSS,1
QVQLQQSGAELAKPGASVKMSCKASGYTFTAYWMHWVKQRPGQGLEWIGYINPNTGYTEYNQNFKDKATLTADKSSSTAYMQLSSLTSEDSAVYYCTRSYYNYEGAMDYWGQGTSVTVSS,0
EVQLVESGGGLVQPGGSLKLSCAASGFTFNKYAMNWVRQAPGKGLEWVARIRSKYNNYATYYADSVKDRFTISRDDSKNTAYLQMNNLKTEDTAVYYCVRHGNFGNSYISYWAYWGQGTLVTVSS,0
QVQLVQSGAEVKKPGASVKVSCKASGYTFTDYYMHWVRQAPGQGLEWMGWINPNTGGTNYAQKFQGRVTMTRDTSISTAYMELSRLRSDDTALYYCARPAADFDWLRSGMDVWGQGTTVTVSS,1
VQLVQSGGGLVQPGGSLRLSCAASGITVSSNYMNWVRQAPGKGLEWVSILYSGGTTYYTDSVKGRFTISRDNSKNTLFLQMNSLRAEDTAVYYCARDLGPAGAFDIWGQGTMVTVSS,1
QVQLQQPGAELVKPGASVKMSCKASGYTFTSYSMHWVKQTPGQGLEWIGAIYPGNGDTSYNQKFKGKATLTADKSSSTAYMQLSSLTSEDSAVYYCARDYHYDGYYVILDYWGQGTTLTVSS,1
QSLEESGGDLVKPGASLTLTCTASGFSLSSGGMTWVRQAPGKGLEWIGYINTGSGRTYYASWAKGRFIISKTSSTTVSLQMTSLTAADTATYFCAGGLPSDLWGPGTLVTVSS,0
QVQLVESGGGVVQPGRSLSLSCAASGFTFSTFAMHWVRQAPGKGLEWVAVISYDGSNKYYPDSVRGRFTISRDNSKNTLYLQMNSLRDEDTAVYYCARAVTGTYYYGMDVWGQGTTVTVSS,1
EVQLVESGGGLIQPGGSLRLSCAASGIIVSRNYMSWVRQAPGKGLEWVSLIYSGGSTFYADSVKGRFTISRDNSKNTLYLQMNSLRAEDTAVYYCARDLIDYGMDVWGQGTTVTVSS,1
QVQLVESGGGLVQAGGSLRLSCAASGRTFSSYAMGWFRQAPGKEREFVASINWNGGNTYYADFVKGRFTISRDNAKNTVYLQMNSLKPEDTAVYYCAATGPNEYGLPREDLFYDYWGQGTQVTVS,1
QVQLQQWGAELLKPSETLSLTCAVYGGSFSVHYWSWVRQSPGKGLEWIGEINHSGSTNYNPSLKSRVTISVDTSKNQFSLKLSSVTAADTAVYYCAREDSVDVFDIWGQGTMVTVSS,1
EVQLVQSGAEVKKPGASVKVSCKASGYTLTSYGISWVRQAPGQGLEWMGWVSFYNGNTNYAQKLQGRGTMTTDPSTSTAYMELRSLRSDDTAVYYCARGYGMDVWGQGTTVTVSS,0
EVQLVESGGGLVQPGRSLRLSCAASGFTFDDHAMHWVRQAPGKGLEWVSGITWNTDNIGYADSVKGRFTISRDNAKNSLYLQMNSLRVEDTALYYCVKDIVDSGWYYFDYWGQGTLVIVSS,1
QLQLQESGPGLVKPSETLSLTCTVSGGSISSSSYYWGWIRQPPGKGLEWIGSIYYGGSTYYNPSLKSRVTISVDTSKNQFSLKLSSVTAADTAVYYCARSLGIFDYWGQGTLVTVSS,1
QVQLVESGGGVVQPGRSLRLSCAASGFTFSSYGMHWVRQAPGKGLEWVAVISFDGSNKYYVDSVKGRFTISRDNSKNTLYLQMNSLRAEDTAVYYCAKDMHNDYGDYVSYYFYYGMDVWGQGTTVTVSS,1
ELQLQESGPGLVKPSETLSLTCTVSGGSIRSSIFYWGWIRQPPGKGLEWIGSIYYSGRTYYNPSLKSRVTISVDTSKNQFSLMLTSVTAADTAVYYCARAGGLYNWNDESFSFYMDVWGQGTTVTVSS,0
QVQLVESGGGLVQAGGSLRLSCAASGFPVQHEWMEWYRQAPGKEREWVAAITSYGYRTYYADSVKGRFTISRDNAKNTVYLQMNSLKPEDTAVYYCNVKDTGTYQAWYDYWGQGTQVTVSS,1
EVQLVESGGGLVQPGGSLRLSCAASGFNIKDTYIHWVRQAPGKGLEWVARIYPTNGYTRYADSVKGRFTISADTSKNTAYLQMNSLRAEDTAVYYCSRWGGDGFYAMDYWGQGTLVTVSS,0
EVLLQQSGPELVKPGASVKIPCKASGYKFTDYNMDWVKQSHGKSLEWIGDINPKNGGTIYNLKFKGKATLTVDMSSSTAYMELRSLTSEDTAVYYCVRRMDYWGQGTSVTVSS,0
QVQLQQWGAGLLKPSETLSLTCGVYGVSFSDYYWSWIRQPPGKGLEWIGEINHSGITNYNPSLKSRVTISVDTSKNQFSLKLSSVTAADTAVYYCARGLISYTLWLRESYFDYWGQGTLVTVSS,1
EVQLVESGGGFVQPGRSLRLSCVASGFTFDEYAIHWVRQAPGKGLEWVSGVSSNSATIGYADSVKGRFIISRDNAKNSLYLHMNSLRAEDTAFYYCAKDMNAEGPGSSYYHYYGMDVWGHGTTVTVSS,1
QVQLKQSGPSLVQPSQSLSITCSVSGFSLTSYGVHWVRLSPGKGLEWLGVIWRGGSTDYSAAFMSRLSITKDNSKSQVFFKMSSLQADDTAIYYCAKLLRSVGGFADWGQGTLVTVSA,0
EVQLQQSGAELMKPGASVKISCKATGYTFSSYWIEWVKQRPGHGLEWIGEILPGGGDTNYNEIFKGKATFTADTSSNTAYMQLSSLTSEDSAVYYCTRRVPVYFDYWGQGTSVTVSS,0
EVQLLESGGGLVQPGGSLRLSCAASGFTFDSYGMNWVRQAPGKGLEWVSSINYNSGYKSYADSVKGRFTISRDNSKNTLYLQMNSLRAEDTAVYYCARSANWHDTHLDYWGQGTLVTVSS,0
QLVESGGGLVQPGGSLRLSCAASGFTFSTYSMRWVRQAPGKGLEWVSSIHTGGGGTAYRDSVKGRFTISRDNAKNTLYLQMNNLRAEDTAIYYCVIAGYSDWGQGTLVTVSS,0
QVQLVQSGAEVKKPGSSVKVSCMASGGTVSSYAISWVRQAPGQGLEWMGEIIPIFGIVNYAQKFQGRVTITADESTNTAYMELSSLRSEDTAIYYCARETAVAGILGYWGQGTLVTVSS,0
QVQLQQWGAGLLKPSETLSLTCAVYGGSFSDYYWSWIRQPPGKGLEWIGEINHSGSTNYNPSLKSRVTISVDTSKNQFSLKLSSVTAADTAVYYCARLYYGSGTYYFDYWGQGTLVTVSS,0
QVQLVQSGAEVKKPGASVKVSCKVSGYTLTELSMHWVRQAPGKGLEWMGGFDPEDAETIYAQKFQGRVTMTEDTSTDTAYMELSSLRSEDTAVYYCATSTAVRGERPGGYNYYYGMDVWGQGTTVTVSS,1
QMQLVQSGPEVKKPGTSVKVSCKASGFTFTSSAVQWVRQARGQRLEWIGWIVVGSGNTNYAQKFQERVTITRDMSTSTAYMELSSLRSEDTAVYYCAAPNCSNVVCYDGFDIWGQGTMVTVSS,1
QVQVVQSGAEVKKPGASVKVSCKTSGYTFTGNYIHWVRQAPGQGLEWMGWINPNSGGTNFAQKFQGRVTMTRDTSITTAYMVLSRLRSDDTAVYYCARGGNNMIVVARGYYGMDVWGQGTTVTVSS,0
EVQLVQSGGGVVRPGGSLRLPCAASGFTFDDYGMSWVRQAPGKGLEWVSGINWNGGSTGYADSVKGRFTISRDNAKNSLYLQMNSLRAEDTALYHCARGGDDAFDIWGQGTMVTVSS,0
QVQLVESGGGVVQPGRSLKLSCAASGFTFKTYGMHWVRQAPGKGLEWVAVISYDGTNDYYADSVKGRFTVSRDNSKNTLYLQMNSPRTEDTAVYYCAKAGGPYYYDTSGSFWYFDYWGQGTLVTVSS,1
DVKLVESGGGLVKLGGSLKLSCAASGFTFSNYFMSWVRQTPEKRLELVAVITSNGDNTYYPDTVKGRFTISRDNAQNTLYLQMSSLKSEDTALYYCARRDSSASLYFDYWGQGTTLTVSS,0
EVQLLESGGGLVQPGGSLRLSCAASGFAFSSYDMSWVRQAPGKGLEWVSYISRGGGSTYYPDTVKGRFTISRDNSKNTLYLQMNSLRAEDTAVYYCGRHATTAYWYFDVWGQGTMVTVSS,0
EVQLVQSGAEVKKPGASVKVSCKASGYTFASYYIQWMRQAPGQGLEWMGWINPGNVNTKYNEKFQGRVTITADKSITTAYMELSSLRSEDTAVYFCARSTYYRPLDYWGQGTTVTVSS,0
QITLKESGPTLVKPTQTLTLTCTFSGFSLTTSGVGVGWIRQPPGKAPEWLALIFWNDDKRYSPSLNIRLTITKDTSKNQVVLKMTNLDPVDTATYYCAHRDVSSWSFDYWGQGTLVTVSS,1
QVQLQQSGAEVKKPGSSVKVSCKASGGTFGNYAFSWVRQAPGQGLEWMGGIIPIFGTANYAQKLQGRVTITADELTRTVYMDLSSLRSEDTAVYYCATGMGDHYGMDVWGQGTLVTVSS,0
ELVKPGASVKISCKASGYSFTDYNMNWVKQSNGKSLEWIGVINPNYGTTSYNQKFKGKATLTVDQSSSTAYMQLNSLTSEDSAVYYCARPGRKEYYFDYWGQGTTLTVSS,0
QLQLQESGPRLVKPSETLSLTCAVSGYSISSGYYWGWIRQPPGKGLEWIGSIYHSGSTYYNPSLKSRVTISVDTSKNQFSLKLSSVTAADTAVYYCARGGTHTYSRGPFDVWGQGTTVTVSS,0
QVQVVESGGGVVQPGRSLRLSCAASGFTFSSYALHWVRQAPGKGLEWVAFISFNGRNKYYADSVQGRFTISRDNSRTTLYLQMNSLRAEDTAVYYCARPPWGVDSGSYSEAEMYFDSWGQGTLVTVSS,1
QVQLVESGGGVVQPGRSLRLSCAASGFTFSSYAMHWVRQAPGKGLEWVAVITHDGSNKYYADSVKGRFTISRDNSRNTLYLQMNSLRTEDTAVYYCARGFFEWLLIGYWGQGTLVSVS,1
QVQLQQPGAELVKPGASVKMSCKASGYTFTNYNMHWVKQTPGQGLEWIGAIFPGNGGTSYNQKFKGKATLTADKSSSTAYMQLTSLTSGDSAVYYCARWGYGSGLYAMDYWGQGTSVTVSS,0
QVQLVESGGGVVQPGRSLRLSCAASGFTFSSYAMYWVRQAPGKGLEWVAVISYDGINKYYAESVKGRFTISRDNSKNTLYLQMNSLRPEDTAVYYCARPYSGSYFSYFDYWGQGTLVTVSS,1
EVQLVESGGGLVQPGGSLRLSCAASGFTFNANAMNWVRQAPGKGLEWVGRIRTKSNNYATYYAGSVKDRFTISRDDSKNSLYLQMNSLKTEDTAVYYCVRDYYGSSAWITYWGQGTLVTVSS,0
QVQLVQSGAEVKKPGSSVKVSCKASGDTFSSFSINWVRQAPGQGLEWMGRIIPLLDIVNYAQNFQGRVTLTADKSTTTAYMELTSLRFEDSAVYYCATARAPFYPSGYQGALNYFDPWGQGTLVTVS,1
QLQLQESGPGLVKPSETLSLTCTVSGGSISSSSTYWSWIRQPPGKGLEWIGGIAYSGSTYYNPSLKSRVTISVDTSKNQFSLKLSSVTAADTAVYYCARGVRRAVPFDYWGQGTLVTVSS,0
EVQLVESGGGLVQPGGSLRLSCAASGFSLTNYGVHWVRQAPGKGLEWLGVIWSGGNTDYNTPFTSRFTISRDNSKNTLYLQMNSLRAEDTAVYYCARALTYYDYEFAYWGQGTTVTVSS,0
QVQLVESGGGVVQPGRSLRLSCAASGFTFSSYAIHWVRQAPGKGLEWVAVISYDGNNKYYADSVKGRFTISRDNSKNTLYLQMNSLRADDSAVYYCARDLGAYYYFDYWGQGTQVTVSS,1
EVKLEESGGGLVQPGGSMKLSCAASGFTFSDAWMDWVRQSPEKGLEWVAEIRTKANNHATYYAESVKGRFTISRDDSKSSVYLQMNSLRAEDTGIYYCTRLANWDWYFDVWGAGTTVTVSS,0
EVKLEESGGGLVKPGGSLKLSCAASGFTFSRYAMSWVRQTPEKRLEWVATINNGGSYSYYPDSVKGRLTISRDNAKNTLYLQMSSLRSEDTALYYCARHYDYDGYYYTMDFWGQGTSVTVSS,0
QVQLVQSGAEVKKPGASVKVSCKASGYTFTNYEINWVRQATGQGLEWMGWMNPDSGITAYAPKFQGRVTMTTNTPISTAYMELSSLTSEDTAVYYCAREKTGEGMLKYYYYDMDVWGQGTTVIVSS,1
QVQLKESGPGLVAPSQSLSITCTISGFSLTSNGVHWVRQSPGKDLEWLVVIWSDGTTTYNSDFKSRLSISKDNSKSQVFLKMNSLQTDDTAMYYCARHYDWGYYYAMDYWGQGTSVTVSS,0
QVQLRLWGAGLLKPSETLSLTCAVSGGSFIDYYWTWIRQPPGKGLEWIGEINHFGGSGYNPSLKSRVSISVDTSKNQFSLRLNSVTAADTAIYYCARKPLLHSSVNPGAFDIWGQGTMLTVSS,1
EVQLLESGGGLVQPGGSLRLSCAASGFTFNNYAMSWVRQAPGKGLEWVSAIGGSGGSTYYADSVKGRFTVSRDNSENTLYLQMSSLRAEDTAVYYCARVEGDWLLGGPYYHYYGMDVWGQGTTVTVSS,1
EVQLVESGGGLVQPGGSLRLSCAASGFTFSSYWISWVRQAPGKGLEWVANIKQSGSETYYVESVKGRFTISRDNAKNSLYLQMNSLRAEDTAVYYCARSLRRRSTEHAGFDVWGQGTLVTVSS,0
EVQLVESGGGLVQPGGSLRLSCAASGFTVSSNYMSWVRQAPGKGLEWVSVIYSGGSTFYADSVKGRFTISRDNSNNTLYLQMNSLRAEDTAVYYCARDYGDYYFDYWGQGTLVTVSS,1
VQLLESGGGLVQPGGSLRLSCAASGFTFSGYWMHWVRQAPGKGLEWVSEISGSGDSTHYGDSVKGRFTISRDNSKNTLYLQMNSLRAEDTAVYYCARGRNGSLDYWGQGTLVTVSS,0
EVQLVESGAEVKKPGASVKVSCKASGYTFTSYYMHWVRQAPGQGLEWMGIINPSGGSTSYAQKFQGRVTMTRDTSTSTVYMELSSLRSEDTAVYYCARGPYDSSGYCDYWGQGTLVTVSS,0
QVQLVQSGAEVKKPGSSVKVSCKASGGTFSNYAITWVRQAPGQGLEWMGGIIPVFGTKHFAQNFQGRVAITADESTSTAYMELSSLTSEDTAVYFCARGRFLEWLPLYFDYWGQGTLVSVSS,1
QVHLVESGGGVVQPGRSLRLSCAASGFIFRDYGMHWVRQAPGKGLEWVAVIWYDGTNKYYADSVKGRFTISRDNSKNTLYLQIDSLRAEDTAVYYCARDYGVGATMDDYFDYWGQGTLVIVSS,1
QVQLVQSGVKVKKPGASVKVSCKASGYTFSNHGISWVRQAPGQGLEWVGWISGHDDSTKYAQKFQGRVTMTADTSTSTAYIELRSLKSDDTAVYYCARPFYDTLTSYVLPVYDHWGQGTMVTVSS,0
QAYLQQSGAELVRPGASVKMSCKASGYTFTSYNMHWVKQTPRQGLEWIGAIYPGNGDTSYNQKFKGKATLTVDKSSSTAYMQLSSLTSEDSAVYFCARVVYYSNSYWYFDVWGTGTTVTVSA,0
QVQLVQSGAEVKKPGASVKVSCKASRYTFTSYYMSWVRQAPGQGLEWMGIIHPSGGDTTYAQKFQGRVTMTGDTSTSTVYMELSSLRSEDTAVYYCARGGIKLWLHFDYWGQGTLVTVSS,0
EVQLLESGGGLVQPGGSLRLSCAASGFTFSSYAMSWVRQAPGKGLEWVSAISGSGGSTYYADSVKGRFTISRDNSKNTLYLQMNSLRAEDTAVYYCAKAYTPMAFFDYWGQGTLVTVSS,0
QVQLMQSGAVLKMPGASVRVSCEASGYSFTDYYIHWVRQAPGQRQQLQWLGWVNPATGKTDLAPKFRDRVTLTRDASIATAYMELTTLTYDDTALYYCARAPQSGFYSDSFDIWGRGTLVTVSS,0
QVQLVQSGAEVKKPGSSVKVSCKASGYAFSYSWINWVRQAPGQGLEWMGRIFPGDGDTDYNGKFKGRVTITADKSTSTAYMELSSLRSEDTAVYYCARNVFDGYWLVYWGQGTLVTVSS,0
EVQLVESGGGVVQPGGSLRLSCAASGFTFSSNAMSWVRQAPGKGLEWVAGISAGGSDTYYPASVKGRFTISRDNSKNTLYLQMNSLRAEDTAVYYCARETWNHLFDYWGQGTLVTVSS,0
EVQLVESGGGLVKPGGSLRLSCAASGFTFSSYTMHWVRQAPGKGLEWVSFISYDGNNKYYADSVKGRFTISRDNAKNSLYLQMNSLRAEDTAVYYCARTGWLGPFDYWGQGTLVTVSS,0
EVQLQQSGPELVKPGASVKISCKASGYSFTDYYMNWVKQSPEKSLEWIGEINPNTGGTTYNQKFKAKATLTVDKSSSTAYMQLKSLTSEDSAVYYCARYYGNLYAMDYWGQGTSVTVSS,1
EVQLVESGGGLVQPGRSLRLSCTACGFTFGDYAMSWFRQAPGKGLEWVGFIRSKAYGGTTEYAASVKGRFTISRDDSRSIAYLQMKSLKTEDTAVYYCTRVGENSPSHDWFDPWGQGTLVTVSS,1
EVQLLESGGGLVQPGGSLRLSCAASGFTFNNYVMSWVRQAPGKGLEWVSGISANGGSTNYADSVKGRFTISRDNSKNTLYLQMNSLRAEDTALYYCAKDPQWDLRALNYFDYWGLGTVVTVSS,0
EVKLEESGGGLVQPGGSMKLSCAASGFTFSDGWMDWVRQSPEKGLEWVAEIRTKANNHATYYAESVKGRFTISRDDSKSSVYLQMNSLRAEDTGIYYCTRLANWDWYFDVWGAGTTVTVSS,0
QVQLQQSGPELVKPGASVKMSCKASGYTFTDYVISWVKQRTGQGLEWIGEIYPGSGSTYYNEKFKGKATLTADKSSNTAYMQLSSLTSEDSAVYFCARGVLLRAMDYWGQGTSVTVSS,0
QVQLVQSGAEVKKPGSSVKVSCKASGGTFASLAISWVRQAPGQGLEWMGGILPIFGEANYAQKFQGRVTITADESTSTAYMELSSLRSEDTAVYYCARGGAKYASTYGMDVWGQGTTVTVSS,0
QVTLRESGPALVKPTQTLTLTCTFSGFSLSTAGMSVGWIRQPPGKALEWLADIWWDDKKHYNPSLKDRLTISKDTSKNQVVLKVTNMDPADTATYYCARDMIFNFYFDVWGQGTTVTVSS,0
EVQLLQSGGGLVQPGGSLRLSCAASGFFFSKYPMHWVRQAPGKGLEWVSSISSDGGATVYADSVKGRFTISRDNSKNTLYLQMNSLRAEDTAVYYCAKDFYTWLTGNAFDSWGQGTSVTVSS,0
QVQLVQSGAEVKKPGASVKVSCKASGYTFTGYIMNWVRQAPGQGLEWMGLINPYNGGTSYNQKFKGRVTITADESTSTAYMELSSLRSEDTAVYYCARDGYDDGPYTMDYWGQGTLVTVS,0
EVQLLGSGGGLVQPGGSLRLSCAASGFTFTTYYMHWVRQAPGKGLEWVSLISPNAGNTYYADSVKGRFTISRDNSKNTLYLQMNSLRAEDTAVYYCARGRSRAGTSGMDYWGQGTLVTVSS,0
EVQLVESGGGLVQPGKSLRLSCSASEITVSSNYMTWVRQAPGRGLEWVSLIYAGGSTFYADSVKGRFTISRDNSKNTLYLQMNSLRADDTAVYYCARDLSVRGGMDVWGQGTTVTVSS,1
EVQLVESGGGLVQPGGSLRLSCAASGFTFLGYGIHWVRQAPGKGLEWVGWISPAGGSTDYADSVKGRFTISADTSKNTAYLQMNSLRAEDTAVYYCARGPFSPWVMDYWGQGTLVTVSS,0
EVQLVESGGGSVQPGNSLRLSCAASGFTFSSFGMSWVRQAPGKGLEWVSSISGSGSDTLYADSVKGRFTISRDNAKTTLYLQMNSLRPEDTAVYYCTIGGSLSRSSQGTLVQVGG,0
EVQLVESGGGLVKPGGSLRLSCAASGFTFSDYYMSWIRQAPGKGLEWVSYISSTTSYTNYADSAKGRFTISRDNAKNSLYLQMNSLRAEDTAVYYCARDVAYYYDSGSYYYFDYWGQGTLVTVSS,1
QAQLVESGGGLVKPGGSLKLSCAVSGFTFSDYYMSWIRQAPGKGLEWISYISSSSSFTNYADSVKGRVTISRDNAKNLLYLLMNSLRAEDTAVYYCARFWKRGNNYGGGLDYWGQGTLVSVSS,0
QVQLVQSGAEVKKPGSSVKVSCKASGGTFSNYAISWVRQAPGQGLEWMGGIIPIFGTANYAQKFQGRVTITADESTSTAYMELSSLRSEDTAVYYCARGPEYYDYVWGSYRYNYFDYWGQGTLVTV,0
EVQLVESGGGLVKPGGSLRLSCAASGFTFSTYNVNWVRQAPGKGLEWVSCITSSGGYIYYADSVKGRFTISRDNAKNSLYLQMNSLRAEDTAVYYCARDGYNWNDRGYFDYWGQGTLVTVSS,1
QVQLVESGGGVVQPGTSLRLSCAASGFTFSSFGMNWVRQAPGKGLEWVAVIFFDGSKTYYADSVKGRFTISRDNSKNTLYLQMNSLRTEDTAVYYCAKGQLRLGEFDDYWGQGTLVTVSS,1
QVQLVQSGAEVKKPGASVKLSCKASGYTFTRFYIHWVRQAPGQGLEWMGIINPSGGGTSYAQNFQDRVTMTRDTSTSTVYMELSSLRSEDTAVYYCARNGYSTRSLQNNWFDPWGQGTLVTVSS,0
QVQLVESGGGVVQPGRSLRLSCAASGFTFSSYGMHWVRQAPGKGLEWVAVISYDGSNKYCADSVKGRFTISRDTSKNTLYLQMNSLRAEDTAVYYCAKDGVGELSSYAMDVWGQGTTVTVSS,1
QVQLVQSGVEVKKPGASVKVSCKASGYTFSNHGISWVRQAPGQGLEWVGWISGHDDSTKYAQKFQGRVTMTADTSTSTAYIELRSLKSDDTAVYYCARPFYDTLTSYVFQYFDHWGQGTIVTVSS,0
EVQLVESGGGVVQPGRSLRLSSAASGFTFSTYAMHWVRQAPGKGLEWVALISYDGRNKYYADSVKGRFTISRDNSKNTLYLQMNSLRAEDTAVYYCARDTGGIIDYWGQGTLVTVSS,1
QVTLRESGPALVKPTQTLTLTCSFSGFSLTTRGMCVSWIRQSPGKALEWLARIDWDDDKHYSTSLNTRLTISKDASENQVVLQLTNMDPVDTATYYCARETVAGPIIDYWGQGTLVTVSS,1
QVQLQESGPRLVKPSETLSLTCIVSGGSVSSNNFYWSWIRQPPGKRLEWIGYFYNSGSSKYNPSLKSRVTISGDTSKNQFSLKLSSVTAADTAVYYCARETFFYDRTGHYKSDGFDVWGQGTMVTVSS,1
QVQLVQSGSELKKPGASVELSCKASGYTFSSYVMNWVRQAPGQGLEWMGWINTNTGNATYAQGFTGRFVFSSDNSASTAYLQISSLKAEDTAVYYCTRARDCSNGICSEIPRRSNWLDPWGQGTLVTVSS,1
QVQLVQSGAEVKKPGASVKVSCKASGYTFTSYNMHWVRQAPGQGLEWMGAIYPGNGDTSYNQKFKGRVTISADKSISTAYLQWSSLKASDTAMYYCARSHYGSNYVDYFDYWGQGTLVTVSS,0
EVELVESGGGLVQPGGSLRLSCAASGFAFSSHEMTWVRQAPGKGLEWIAYISSSGYSIYYADSVKGRFVISRDDAKNSLFLQMNSPRSEDTAIYYCARVLNRGPVAGTLLDYWGQGTLVTVSS,1
QVQLQQSGPGLVKPSQTLSLTCAISGDSVSSNSAAWNWIRQSPSRGLEWLGRTYYRSKWFNDYAVSVQSRITINPDTSKNQFSLQLNSVTPEDTAVYYCARGIVFSYAMDVWGQGTTVTVSS,0
EVTLQESGGGLVQPGGSMKLSCAASGFTFSDAWVDWVRQSPGKGLEWVAEIRNKANNHATKYTESVKGRFTISRDDSKSSVYLQMNSLRAEDTGIYYCTSVPQLGRGFAYWGQGTLVTVSA,0
EVQLVQSGAEVKKPGESLRISCKGSGYTFTTYWMHWVRQAPGQGLEWMGNIYPGTGGSNFDEKFKNRFTISRDNSKNTLYLQMNSLRAEDTAVYYCTRWTTGTGAYWGQGTTVTVSS,0
EVQLVESGGGFVKPGRSLRLACTASGFTFGDYTMSWFRQAPGKGLEWVGFIRNKGYGGTTEYAASVQGRFTISRDDSNSIAYLQMNSLKTEDTAVYFCAREGTFSYYYYYAMDVWGQGATVTVSS,1
QLQLQESGPGLVKPSETLSLTCTVSGGSISSSSYYWGWIRQPPGKGLEWIGSIYYSGSTYYNPSLKSRVTISVDTSKNQFSLKMSSVTAADTAVYYCARRGYYDFWSGPIFDYWGLGTPCSCSS,1
ESGGDLVKPGGSLKLSCAASGFTFSNYGMSWVRQTPDKRLEWVATISSGVGFTFYSDSLKGRFSISRDNARNTLYLRMDSLQSEDSAMYHCARREKYDGNGLAYWGQGTLVTVSA,0
QVQLQQWGAGLLKPSETLSLTCAVYGGSFSGYYWSWIRQPPGKGLEWIGEVNHSGSTNYNPSLKSRVTISVDTSKNQFSLKLNSVTAADTAVYYCARATKDIELMVYVFYYFDYWGQGTLVTVSS,1
EVQLVESGGGLVQPGRSLRLSCEASGFTFDDYAMHWVRQAPGKGLEWVSGTTYNSGTIGYADSVKGRFTISRDNAKNSLYLQINSLRPEDTALYHCAKDIYLGYSSGPEIYAFDIWGQGTMVTVSS,1
QVQLVQSGGGLVQPGGSLRLSCAASGFSFSNYAMSWVRQAPGKGLEWVSGIGGRGKNTYYADSVKGRFTISRDNSKNTLFLQMNSLRAEDTALYYCATDEVVTAIQPEYFHHWGQGTLVTVSS,1
QLQLQESGPRLVKPSETLSLTCTVSGGSISSSNYYWAWIRQPPGKGLEWIVNIYFSGITYSNPSLKSRVTMSVDTSKNQFSLKLTSVTAADTAIYYCASQMVVATTPGLYYYYGMDVWGQGTTVTVSS,1
SGPGLVQPSQTLSLACAISGDSVSRNSAGWNWFRQSPSRGLEWLGRTYYRSKWHYDYAVSVESRITINPDTSKNQFSLYLTSVTPEDTAVYFCARDFGVKDSRGWNDGFDIWGQGTLVTVSS,0
QVQLVESGGGLVKPGGSLRLSCAASGVTFSDYYMNWIRQAPGKGLEWVSHISSSGSTRYYADSVKGRFTISRDNAKNSLYLQMNSLTAEDTAVYYCARGSDMSPYFDYWGQGTLVTVSS,1
EVQLVQSGAEVKKPGESLKISCKGSGYSFTSYWIGWARQMPGKGLEWMGIIYPGDSDTRYSPSFQGQVTISADKSISTAYLQWSSLKASDTAMYYCSAANSSHWYFDLWGRGTLVTVSS,0
EVQLLESGGGLVQPGGSLRLSCAASGFTFSFYSMHWVRQAPGKGLEWVSRIYPSGGVTKYADSVKGRFTISRDNSKNTLYLQMNSLRAEDTAVYYCTRQRYRGPKYYYYMDVWGKGTTVTVSS,0
EVKLEESGGGLVQPGGSMKLSCAASGFTFSDAWMDWVRQSPEKGLEWVAEIRSKANNHATYYAESVNGRFTISRDDSKSSVYLQMNSLRAEDTGIYYCTWGEVFYFDYWGQGTTLTVSS,0
QVKLQQSGAEVKKPGASVKVSCKASGYTFTEFGMNWVRQAPGQGLEWMGWINTKTGEATYVEEFKGRVTMTTDTSTSTAYMELRSLRSDDTAVYYCARWDFYYYVEAMDYWGQGTTVTVSS,0
QVQLQESGPGLVKPSQTLSLTCTVSGGSISSGDYYWSWIRQPPGKGLEWIGYIHYSGSSYYNPSLKGRVSISVDTSKDQFSLRLTSVTAADTAVYYCARVTGVSAAGYYFDYWGQGTLVTVSS,1
QVQLVESGGGVVQPGRSLRLSCAASGFTFRRYGMHWVRLAPGKGLEWVAVLSYDGSNEYYADSVKGRFTISRDNSKNTVYLQMNSLRAEDTAVYYCAKQLGQYCSGGNCYSGYFDYWGQGTLVTVSS,1
QVQLQESGPGLVKPSETLSLTCTVSGGSISSYYWSWIRQPPGKGLEWIGYIYYSGSTNYNPSLKSRVTISVDTSKNHFSLKLSSVTAADTAVYYCARGGGWLVGSYNWFDPWGQGTLVTVSS,1
QVQLQQSGPGLVKPSQTLSLTCAISGDSVSSNNAAWNWIRQSPSRGLEWLGRTYFRSKWYNDYAVSVKSRITINPDTSKNQFSLQLNSVTPEDTAVYYCAREGTMIRGIINWFDSWGQGTLVTVSS,0
QVQLVQSGAEVRKPGASVKVSCKASGFTFISFAIHWVRQAPGQSLEWMGWINAGDGNTKYSQKFQGRVTITRHTSASTAYIELSSLRSEDTAVYYCARDFGGRESRGGAFDIWGQGTMVTVSS,1
EVQLLESGGGLVQPGGSLRLSCAASGFTFSSYAMSWVRQAPGKGLEWVSTISSGGSYTSYPDSVKGRFTISRDNSKNTLYLQMNSLRAEDTAVYYCAKQDYAMNYWGQGTMVTVSS,0
EVQLVESGGGLVQPGGSLRLSCAASGFTFSGYWMHWVRQAPGKGLAWVSRINGDGSSASYADSVKGRFTISRDNAKNTLYLQMNSLRAEDTAVYYCARPYGSGSYYGSWGQGTLVTVSS,1
EVQLVESGGGLVKPGGSLRLSCAASGFTFSDYSINWVRQAPGKGLEWVSYISSSGSTIYYADSVMGRFTISRDNAKNLLYLQMNSLRAEDTAVYYCARAHGSGTSYYYYGMDVWGQGTTVTVSS,1
QVQLVQSGAEVKKPGASVKVSCKASGYIFKSYEMHWVRQAPGQGLEWMGRINPSVGSTWYAQKFQGRVTMTRDTSTSTVYMELSSLRSEDTAVYYCARGKREGGTEYLRVWGQGTLVTVSS,0
EVQLLQSGAGLLKPSETLSLTCAVYGGSFSGYYWSWIRQAPGKGLEWIGEIDHSGTTNYNPSLKSRVTISVETSKNQFSLRLSSVTAADSAVYYCASSGYCSHGLCPQEDWGQGTLVTVSS,0
QVQLVQSGTEVKKPGSAVKVSCKASGGSVSSHEISWVRQAPGQGLEWVGGVIPMFGITNYAQKFQGRASITADESTNTGYLELSSLRSEDTAVYYCARIFVRQIRGRQGPLGELDFWGQGTMVIVSS,0
QVQLVESGGGVVQPGGSLRLSCAASGFTFSSYAIHWVRQAPGKGLEWVALISSDGSYKTYADSVKGRFTISRDNSKHTLYLQMSSLRTEDTAVYYCARDSSALEIYNRFDPWGQGTLVTVSS,0
QVQLVQSGAEVKKPGASVKVSCKASGYTFNSYGISWVRQAPGQGLEWMGWISSYNGNTNYAQKLQGRVTMTTDTSTSTAYMELRSLTSDDTAVYYCATDDPDIVLVPAAMSLDYWGQGTLVTVSS,1
VQLQESGPGLVKPSETLSLTCTVSGGSINSYYWSWIRQPPGKGLEWIGYLFDSGSTKYNPSLTSRVTISVDTSKNQFSLKLSSVTAADTAVYYCARGFWGLDGFDIWGQGTTVTVSS,0
QVKLQQSGPDLVKPGASVKVSCKASGYAFTSYTMYWVKQSHGKSLEWIGYIDPYNGGTNYNQKFKGKATLTVDKSSSTAYILLNSLTSEDSAVYYCAVGNPRSAYWGQGTTVTVSS,0
QVQLKQSGPELVKPGASVKLSCKASGYTFTTDDINWVKQRPGQGLEWIGWIYPRDDRTKYNDKFKDKATLTVDTSSNTAYMDLHSLTSEDSAVYFCSSLEDTYWGQGTLVAVSS,0
QVQLVQSGAEVRKPGSSVKVSCKASGGTFSNTVISWVRQAPGQGLEWMGGIIPLFGTPNYAQKFQGRVTITADKSTTTAYMELSSLRSEDTAVYYCARALMSHLGEISDWLYYGMDVWGQGTTVTVSS,1
DVQLVESGGGLVQPGGSRKLSCAASGFTFSSFGMHWVRQAPEKGLEWVAYISSGSSTIYYADTVKGRFTISRDNPKNTLFLQMTSLRSEDTAMYYCARNYDEDFDVWGAGTTVTVSS,0
EVQLQESGPSLVKPSQTLSLTCSVTGDSFTSGYWNWIRKFPGNKLEYMGYIRYSGNTYYNPSLKSRISITRDTSKNQYYLQLISVTTEDTATFYCARSYYDYDRAWFAYWGQGALVTVSA,0
QVQLVESGGGVVQPGRSLRLSCAASGFTFSSYAINWVRQAPGKGLEWVAVISYDGSNKFYADSVKGRFTLSRDNSKNTLYLQMNSLRAEDTAVYYCAREKQWVLLNYYYFMDVWGKGTTVTVSS,1
QVQLVESGGGVVQPGRSLRLSCAASGFTFSSYGMHWVRQAPGKGLEWVAVIWYDGSNKFYVDSVKGRFTISRDNSKNTLYLQMNSLRAEDTAVYYCARGRHDYGDSDAFDIWGQGTMVTVSS,1
QVQLQQSGAEVKKPGASVKMSCKASGYTFTSYTMHWVRQAPGQGLEWIGYINPSSGYTENNRKFKDKTTLTADTSTSTAYMELSSLRSEDTAVYYCARLGKGLLPPFDYWGQGTTLTVSS,0
QVQLVQSGAEVKKPGSSVRVSCKASGGTLSNNAINWVRQAPGQGLEWMGRLTPILGTANYAQRFQGRVTITADKSTNTAYMDLSSLRSEDTAVYYCARGVVVVSATDDYSYYYGLDVWGQGTTVTVSS,1
EVQLQQSGPELVTPGASVKISCKASGYTFTDHYMSWVKQSHGKSLEWIGDINPYSGETTYNQKFKGTATLTVDKSSSIAYMEIRGLTSEDSAVYYCARDDYDASPFAYWGQGTLVTVSA,0
QGQLVQSGAEVKKPGSSVKVSCKASGGTFSSSAFSWVRQAPGQGLEWMGGIIPILGTTNYAQKFQVRVTITADESTSTAHMELTRLRPEDTAVYYCARVGQWDLLVYWGQGTLVTVSS,1
EVQLVESGGGLVKPGGSLRLSCAASGFTFSNYWMNWVRQAPGKGLEWVGEIRLKSNNYATHYAEPVKGRFTISRDDSKSTVYLQMNSLKTEDTAVYYCTRYYGNYGGYFDYWGAGTLVTVSS,0
QVQLVESGGGLVKPGGSLRLSCAASRFNFSSYSMNWVRQAPGKGLEWVSSISSSSNFIYYANSVKGRFTISRDNAKNSLYLQMNSLRAEDTAVYYCARDPVYSNSWFYYYYIDVWGKGTTVTVSS,1
QVQLLQSAGGVVRPGGSQRLSCSASGFTFSDYGIHWVRQGPGKGLEWVAFITSNGSNKYYGDTVKGRFTISRDNSRNMVYLQMNSLSAEDTAVYYCAREVRDYDILTGYYISYMDVWGRGTTVTVSS,0
EVQLVESGGGLVKPGGSLRLSCAASGFTFSSYSVNWVRQAPGKGLEWVSSISSVSTYIFYAASIQGRFTISRDNAKNSLFLQMDSLRAEDTAVYYCARTSITLFGGLGAIDYWGQGTLVTVSS,1
QPGGSRKLSCAASGFTFSSFGMHWVRQAPEKGLEWVAYISSGSITIYYADTVKGRFTISRDNPKNTLFLQMTSLRSEDTAMYYCARYVGYYFDYWGQGTTLTVSS,0
QVQLQESGGGLVQAGGSLRLSCAASGRTFSEYAMGWFRQAPGKEREFVATISWSGGGSYLSLSVKGRFTISRDNAKNTVYLQMNSLKPDDTAVYYCAVAGLGVWVSEWDYDYDYWGQGTQVTVSS,1
QVQLVQSGAEVKKPGSSVKVSCKASGGTFSKYGISWVRQAPGQGLEWMGSIIPEFGIANYAQKFQGRVTITADESTSTAYMELSSLRSEDTAVYYCARESGGYRDHRLGVWGQGTMVTVSS,0
EVQLVESGGGLIQPGGSLRLSCAASGVTVSSNYMNWVRQAPGKGLEWVSVIYPGGTRDYSDSVKGRFTISRDSSKNTLYLQMNSLRDEDTAFYYCARDLVVYGMDVWGQGTTVTVTS,1
QVQLQQWGAGLLKPSETLSLTCAVYGGSFSGYYWSWIRQPPGKGLEWIGEINHSGSTNYNPSLKSRVTISVDTSKNQFSLKLSSVTAADTAVYYCAREAIAVRPFDYWGQGTLVTVSS,1
EVQLVQSAAEVKKPGEPLKISCKASGYSFSRFWIGWVRQMPGKGLEWMGIIYPGDSNTKYSPSFQGQVTISADRSISTAYLQWTSLKASDTAIYYCARAPDTWNYYPKYYYLDVWGKGTTVTVSS,0
GPSLVKPSQTLSLTCSVTGDSITSGYWNWIRKFPGNKLEYMGYISYSGSTYYNPSLKSQISITRDTSKNQYYLQLSSVTTEDTATYYCARDFDVWGAGTT,0
QVQLVQSGAEVKKPGASVKVSCKASGYTFTSNVMHWVRQAPGQGLEWMGYINPYNDGTKYNEKFKGRVTMTTDTSTSTAYMELRSLRSDDTAVYYCARNWDVAYWGQGTLVTVSS,0
MVQLVESGGGLVQPGGSRKLSCSASGFAFSSFGMHWVRQAPEKGLEWVAYISSGSGTIYYADTVKGRFTISRDDPKNTLFLQMTSLRSEDTAMYYCVRSIYYYGSSPFDFWGQGTTLTVSA,0
QVQLVESGGGVVQPGRSLRLSCAASGFTFRRYGMHWVRQAPGKGLEWVAVTSYDGTKEYYADSVKGRFTISRDNSKNTLYLQMNSLRAEDTAVYYCAKVAGEYCSGGDCLTGTFDYWGQGTLVTVSS,1
QVQLVQSGAEVKKPGASVKVSCKASDYTFSDHYMHWVRQAPGQGLEWMGWINPYSGDTNYAQKFQGRVTLTRDTSISTAYMELSTLRSDDTAVYYCVRDRGYSYGFEPNPFDYWGQGTLVTVSS,1
EVQLVESGGGLVQPGRSLRLSCVVSGFTFDDYAIHWVRQAPGKGLEWVSGISWNGGTIGYADSVRGRFIISRDNAKNSLYLQMNSLRVEDTALYYCAKERGLTERTYYDMDIWGQGTTVTVSS,1
EVQLVESGGGLVQPGGSLRLSCAASGFTFSTYSMNWVRQAPGKGLEWVSYISSSSSTIHYADSVKGRFTISRDNAKNSLYLQMNSLRDEDTAVYYCAREAHDGALTDYGDYLNWFDPWGQGTLVTVSS,1
QVQLVQSGAEVKQPGSSVRVSCRASGDTFNNYAINWVRQAPGQGLEWMGRIIPIVAATSYAQRFQGRVTMTADKSTSTAHMELSTLRSDDTAVYFCATSRYSAGYLYYFDYWGQGTLVTVSS,1
QVQLQESGPGLVKPSQTLSLTCTVSGGSISSGDYYWSWIRQPPGKGLEWIGYIYYSGSTYYNPSLKSRVTISVDTSKNQVSLKLSSVTAADTAVYYCARFRRSYGSGSYYNISFDYWGQGTLVTVSS,1
QVQLQESGGGVVQPRSLRLSCAASGFTFSSYGMHMWVRQAPGKGLEWVAVISYDGSNEYYADSVKGRFTISRDNSKNTLYQMNSLRAEDTAVYYCAFGWNYAFDIWGQGTTVTVSS,1
EVKLVESGGGLVQPGGSLKLSCATSGFTFSDYYMYWVRQNSEKRLEWVAFISNGGGSAFYADIVKGRFTISRDNAKNTLYLQMSRLKSEDTAMYYCTRHTLYDTLYGNYPVWFADWGQGTLVTVS,0
EVQFVESGGGLVQPGGSLRLSCTASAFSFSGFWMHWVRQAPGKGLEWVSEIDRVGAHTNYADSVKGRFTISRDDAKNTIYLQMDGLRAEDTAVYYCTSLTGWSDVFDIWGQGTMVTVSS,1
QLQLQESGPGLVKPSETLSLTCTVSGGSISSSSYSWGWIRQPPGKGPEWIGSIYYSGSTYYNPSLKSRVIISVATSKNQFSLKLRSVTAADTAVYYCARLVFDIMITFGGVTGYGMDVWGQGTTVTVSS,1
EVQLVQSGAEVKKPGESLKISCKGSGYSFTSYWIGWVRQMPGKGLEWMGIIYPGDSDTRYSPSFQGQVTISADKSISTAYLQWSSLKASDTAMYYCARQVWGWQGGMYPRSNWWYNMDSWGQGTLVTVSS,0
EVHLVQSGAEVKKPGESLKISCKGSGYSFTNYWIGWVRQMPGKGLEWMGIIYPGDSDTRYSPSFQGQVTISADKSISTAYLQWSSLKASDTAMYYCARHLDDDTGLDYWGQGTLVTVSS,1
QVQLQESGPGLVKPSETLSLTCTVSGHSITSGYYWGWIRQPPGKGLEWIGSIYHSGSTYYNPSLKSRVTISVDTSKNQFSLKLSSVTAADTAVYYCAREVISAYYEYWGQGTLVTVSS,1
EVQLLESGGGLVQPGGSLRLSCAASGFTFDNYAMHWVRQAPGKGLEWVSAISARAGITYYADSVKGRFTISRDNSKNTLYLQMNSLRAEDTAVYYCARRIGYSYGTAPPFDVWGQGTTVTVSS,0
QVQLVESGGGVVQPGRSLRLSCAASGFTFSSYGMHWVRQAPGKGLEWVALIYYDGSNKYYADSVKGRFTISRDNSKNTLFLQMTSLRAEDTAVYYCAREGIITETTGLDFWGQGALVTVSS,1
QVQLQESGPGLVKPSGTLSLTCGVSGVSISTTNWWTWVRQPPGKGLEWIGEIYHSENTNYNPSLKSRVTMSVDKSKNQISLKLNSVTAADTAIYYCARRYYGSGSFDYWGQGTLVTVSS,1
QSVEESGGRLVTPGTPLTLTCTVSGFSLNDYDMSWVRQAPGKGLEWITTIYVSGNTYYATWAKGRFTISKTSTTVDLKMTSPTAEDTATYFCARAVPGSGKGLWGPGTLVTVS,0
EVQLLESGGTLIQPGRSLRLSCAASGVTVSSNYMSWVRQAPGKRLEWVSVIYSGGSTFYADSVKGRFTISRDNSKNTLYLQMNSLRAEDTAVYYCARGGIIAWDAFDIWGQGTMVTVSS,1
EVQLVESGGGLVKPGGSLRLSCAASGFTFSNYWMNWVRQAPGKGLEWVGEIRLKSNNYATHYAEPVKGRFTISRDDSKSTVYLQMNSLKTEDTAVYYCTRYYGNYGGYFDVWGAGTLVTVSS,0
EVQLQESGGGSVQAGGSLRLSCAASGSVSCMGWIRQAPGKEREGVARINSDGSITYYASSAKGRFSISRDSAKNTVTLLMNSLKPGDTAIYTCAADTRKCMDLSSWIDARYWGQGTQVTVSS,1
QVQLVESGGGVVQPGRSLRLSCAASGFTLSSHGMHWVRQAPGKGLEWVAVISFDGTYKYYVDSVKGRFTISRDNSKNTFYLQMDSLRPEDTAVYYCAKGLGGGYGPVAADAFDVWGQGTIVTVSS,0
QVQLVQSGAEVKKPGASVKVSCKASGYTFTRNAIHWVRQAPGQRLEWMGWINADNGNTEYSQKFQGRVTITRDTSASTAYMELSSLRSEDTAVYYCARDAGRVYYGSGSYYMEYKEYYFDYWGQGTLVTVSS,1
EVQLVESGGGLVKPGGSLRLSCAASGFTFSSYTMHWVRQAPGKGLEWVSFISYDGNNKYYADSVKGRFTISRDNAKNSLYLQMNSLRAEDTAVYYCARTGWLGPFDYWGQGTLVTVSS,0
EVQLVQSGAEVKEPGESLKISCKNSGYSFTNYWVGWVRQMPGKGLEWMGIIYPGDSDTRYSPSFQGQVTISADKSINTAYLQWSSLKASDTAMYYCGRLTMFRGIIIGYFDYWGQGTLVTVSS,0
EVQLVQSGAEVKKPGESLKISCKGSGYSFTSYWIGWVRQMPGKGLEWMGIIDPSDSDTRYSPSFQGQVTISADKSISTAYLQWSSLKASDTAMYYCARHPGLNWAPDFDYWGQGTLVTVSS,0
QVQLQQSGAEVKKPGSSVRVSCKASGGTFNNNAINWVRQAPGQGLEWMGGIIPMFGTAKYSQNFQGRVAITADESTSTASMELSSLRSEDTAVYYCARSRDLLLFPRAPLDFWGRGTMVTVSS,0
QVQLLQSGAAVTKPGASVRVSCEASGYNIRDYFIHWWRQAPGQGLQWVGWINPKTGQPNNPRLFQGRVSLTRHASWDFDTFSFYMDLKAVRSDDTAVYFCARQRSDYWDFDVWGSGTQVTVSS,0
EVQLLEQSGAELVKPGASVKISCKASGYAFTNYWLGWVKQRPGHGLEWIGDLFPGSGNTHYNERFRGKATLTADKSSSTAFMQLSSLTSEDSAVYFCARLRNWDEAMDYWGQGTTVTVSS,0
QVQLVESGGGVVQPGRSLRLSCAASGFIFSRYDIHWVRQTPGKGLEWVALIRYDGSDKYYADSVKGRFTISRDNSKNTLYLQMNSLRVEDTAVYYCAKEGIQGYSGYDYFWTGFYFDYWGQGTLVTVSS,1
EVQLVESGGGVVQPGRSLRLSCVASGFTLAPYGMQWVRQAPGKGLEWVAFLSHDGSHLGYVDSVKGRFTISRDNSKNTLYLEMNSLRAEDTATYYCARDNVVQQNADNVGYFDFWGQGSLVTVSS,1
QVQLQESGPGLVKPSQTLSLTCTVSGGSISSGDYYWSWIRQPPGKGLEWIGSIYYSGTTYYNPSLKSRVTISVDTSKNQFSLKLSSVTAADTAVYYCAGGGLEYFQHWGQGPLVTVSS,1
DVQLKQSGPGLVQPSQSLSITCTVSGFSLIDYGVHWVRQSPGKGLEWLGVIWTGGSTDYNAAFISRLTISKDNSKSQVFFKMNSLQANDTGIYYCGRPYYGNVMDYWGQGTSVTVSS,0
EVQLVQSGAEVKKPGESLKISCKGSGYNFPNFWVGWVRQMPGKGLEWMGIIYPDDSDTRYNPSFQGHVTISADKSISTAYLQWSSLKASDTAMYYCARQGLPYCDGDCYNNWFDPWGQGTLVTVSS,1
EVKLVESGGGLVQPGGSLRLSCATSGFTFSDFYIGWVRQPPGKRLEWIAASRNKAIDYTTDYSASVKGRFSVSRDTSQSILYLQMNALRAEDTAIYYCSRGHYYGSWFAYWGQGTLVTVST,0
EVQLVQSGAEVKKSGESLKISCKGSGYSFISYWIVWVRQMPGKGLEWMGIIYPGDSDTRYSPSFQGQVTISADRSISTAYLQWSSLKASDTAMYYCARGPNLYNWFDLWGQGTLVTVSS,1
QVQLQESGPGLVKPSETLSLTCTISGGSVSSGDYYWSWIRQPPGKGLEWIGNIYYSGSTNYNPSLKSRVTISVDTSKNQFSLKLSSVTAADTAVYYCARGGGTVVRGIIHYYYYYGMDVWGQGTTVTVSS,0
EVQLEQSGGGLIKPGGSLRLSCAASGFTFTKYVMHWVRQAPEKGLQWVSAIGGSGGSAWYADSVKGRFTISRDNSKNTLYLQMNSLRAEDTAVYYCARDHARYSGYNSPHEVDSWGQGTLVAVS,0
QVQLVQSGAEVKKPGASVKVSCKASGYTFTGYFLHWVRQAPGQGLEWVGWISPISGGTNYALKFQGRVTMTRDTSSTTAYMDLSRLRSDDTAVYYCAREALGYGDFPHDGFDLWGKGTMVTVSS,1
EVQLTESGGGLVQPGGSLRLSCRASQSTFSNHWMNWVRQAPGKGLEWIGEIRSKSSYGATSYAESVKGRFIISRDGNGNSLTLEMNSLKTEDTAEYYCAQNYYGSTYDYWGQGTLVTVS,0
QIQLVQSGPELKKPGETVQISCKASGYIFTDYGMNWVKQAPGKGLKWMGCINTYTGETIYSDDFRGRFAISLETSASTAFIQINNLKNEDAATYFCARGNYRDAIDYWGQGTSVTVSS,0
QLQLQESGPGLVKPSETLSLTCTVSGGSISSSSYYWGWIRQPPGKGLEWIGSIYYSGSTYYNPSLKSRVTISVDTSKNQFSLKLSSVTAADTAVYYCARFDLWGRGTLVTVSS,0
EVQLVESGGGLVQPGRSLRLSCAASGFTFDDYAMHWVRQAPGKGLEWVSGISWNSGDIAYSDSVKGRFTISRDNAKNSLYLQMNSLRAEDTALYYCAKAPLGELPTGPFDYWGQGTRVTVSS,1
EVQLVESGGGLVKPGGSLRLSCAASGFTFSNYWMNWVRQAPGKGLEWVGEIRLKSNNYATHYAEPVKGRFTISRDDSKSTVYLQMNSLKTEDTAVYYCTRKYGNYGGYFDVWGAGTLVTVSS,0
QVQLQESGPGLVKPSETLSLTCTVSGDSISGYYWSWIRQSPGKGLEWIGYIYNSENTNYNPSLKSRVTISLDTSKNQFSLNLSSVTAADTAVYYCARGANYGDYFDYWGQGTLVTVSS,1
EVQLVESGGGLVQPGGSLRLSCAASGFTISDYWIHWVRQAPGKGLEWVAGITPAGGYTYYADSVKGRFTISADTSKNTAYLQMNSLRAEDTAVYYCARFVFFLPYAMDYWGQGTLVTVSS,0
QVRLVQSGPQIKTPGASVTISCGTSGYDFMESLINWVRQDIGKGPEWMGWINPRGGGVNYAHRFQGKVTMTRDVSSGTAYVTLRGLTSDDTAKYYCVRGKSCCGGRRYCNGADCFNWDFEHWGQGTLVIVSS,0
QVQLQQSGGGLVQPGGSLRLSWEASGFTFSHYWMTWVRQAPGKGLEAVASIKRDGSQQYYLDSVKGRFTISRDNAKNSLSLQMSSLRAEDTAVYYCAREGVAAGEDYWGRGTLVTVSS,0
QVTLRESGPALVKPTQTLTLTCTFSGFSLSTSGMCVSWIRQPPGKALEWLALIDWDDGKYYSTSLKTRLTISKDTPKNQVVLTMTNMDPVDTATYYCARIPGDFWSGYSYFDYWGQGTLVTVSS,1
EVQLVESGGGLVQPGGSLRLSCAASGFTFSSYDMHWVRQVAGKGLEWVSAMGTAGDTYYADSVKGRFTISRENAKNSLYLQLNSLRAGDTAVYYCARGDTSMISETSQNYYYYYMDVWGKGTTVTVSS,1
EVQLLESGGGLVQPGGSLRLSCAASGFTFSSYAMSWVRQAPGKGLEWVSAISGSGGSTYYADSVKGRFTVSRDNSKNTLYLQMNSLRAEDTAVYYCAKDPRASSDYFDYWGQGTLVTVSS,1
EVQLVESGGGLVKPGGSLRLTCVASGFTFSNYWMNWVRQAPGKGLEWVAEIRLYSNNYATHYAESVKGRFTISRDDSKSMLYLQMNNLKTEDTGVYYCTRYYGNYGGYFDVWGRGTLVTVSS,0
EVQLLESGGGLVQPGGSLRLSCAASEFTFSSYAMSWVRQAPGKGLEWVSVISGTGFTTEYADSVKGRFTISRDNAKNMLYLQMNGLRGEDTAVYFCVKDKLDSDIVAPAFAALSWGQGTLVSVSS,1
EVQLVQSGAEVKKPGASVKVSCKASGYAFTNYLIEWVRQAPGQGLEWIGVINPGSGDTYYSEKFKGRVTLTRDTSTSTAYLELSSLRSEDTAVYYCARDRLDYWGQGTLVTVSS,0
QVQLVQSGAEVKKPGSSVKVSCKASGGSFNNFGITWVRQAPGQGLEWMGGIIPFSGSTKYAQKFQGRVTITEDKSTRTGYMELSSLRSEDTAIYYCARLHSEIAILGVVEYYGLDVWGRGTTVTVSS,1
QVQLVQSGAEVKKPGASVKVSCKASGYTFTSYDINWVRQATGQGLEWMGWMNPNSGNTGYAQKFQGRVTMTGNTSMSTAYMELSSLRSEDTAVYYCARRVSVLRWLRLLRSDAFDIWGQGTTVTVSS,1
QLQLQESGPGLVKPSETLSLTCTVSGGSISSSNYYWGWIRQPPEKGLEWIGHIYYTGSPYYNPSLQSRVTISVDTSKNQFSLKLTSVTAADTAVYYCARLTRWFGELFYVGAFDPWGQGTLVTVSS,1
QVQLVESGGGVVQPGRSLRLSCAASGFTFNIYDMHWVRQAPGKGLEWVAVIWYDGSNQYYADSVKGRFTISRDNSKNTLYLQMNILRAEDTAVYYCARGTHWGYFDYWGQGTLVTVSS,0
QVQLQQWGAGLLKPSETLSLTCAVYGGSFSDYYWNWIRQPPGKGLEWIGEINHRGSTNSNPSLKSRVTLSLDTSKNQFSLKLRSVTAADTAVYYCAFGYSDYEYNWFDPWGQGTLVTVSS,0
EVQLVQSGAEVKKPGASVKVSCKASGYTFTSGHTFPSYDINWVRQATGQGLEWMGWMNPNRGNTGYAQKFQGRVTMTRNTSINTAYMELSSLRSEDTAVYYCARVRSGTNYGSYYYYYYGMDVWGQGTTVTVSS,0
QIQLVQSGSELKKPGASVKVSCKASGYTFTHYGMNWVRQAPGQGLEWMGWINTYTGEPTYADGFTGRFVFSLDTSVSTAYLQISSLKAEDTAVYFCARDYYGSSPYWGQGTLVTVSS,0
QVQLMESGGGVVQPGRSLRLSCAASGFTFSTYGMHWVRQAPGKGLEWVAVISYDGGNQYYADSVKGRFTISRDNSKNTLYLQMNSLRAEDTAMYYCAKDRQGSYYGPFDYWGQGTLVTVSS,1
QVQLVESGGGVVQPGGSLRLSCVASGFTFSSYGMHWVRQAPGKGLEWVAFVRYDGSNKYYADSVKGRFTISRDNSKNSLSLQMNSLRTEDTAVYYCAKEQEDHKEAFDYWGQGTLVTVSS,0
EVQLLESGGGLVQPGGSLRLSCAASGFTFSKYSMGWVRQAPGKGLEWVSQISDTADRTYYADSVKGRFTISRDNSKNTLYLQMNSLRAEDTAVYYCAIYTGRWVPFEYWGQGTLVTVSS,0
MSCKASGYTFTDYAMHWMKQKPGQGLEWIGWIGGKSGDTKYNLKFQGKASLTRDKSSSTAYMELSSLTSEDSAVYHCAREPQ,0
EVQLVESGGGLVQPGGSLRLSCAASGFTFSSYWMSWVRQAPGKGLEWVANIKQDGSEKYYVDSVKGRFTISRDNAKNSLYLQMNILRAEDTAVYYCARSQSTSWHDYWGQGTLVTVSS,1
EVQLVESGGGLVQPGGSLRLSCAASGFNIRTQSIHWVRQAPGKGLEWIGDIFPIDGITDYADSVKGRFTISADTSKNTAYLQMNSLRAEDTAVYYCARGSWSWPSGMDYYLDYWGQGTLVTVSS,0
EVRLVESGGGLVQPGGSLRLSCAASGFRFSDYYMSWVRQAPGKGPEWVGFIRNKANGGTAQYAASVKGRFTISRDDSKSIASLQMNSLKTEDTAVYFCVRVSGSYIWWFDVWGPGVLVSVSS,0
QVQLQQSGGGLVQPGGSLRLSCAASGFTFTSYDMHWVRQAPGKGLEWVSTIGTTGDSYYPGSVKGRFTISRENAKNSLYLQMNSLRAGDTAVYYCARGVQEERRGLVRKFYYYYMDVWGKGTTVTVSS,1
QLQLQESGPGLVKPSETLSLTCTVSGGSISSSSHYWGWIRQPPGKGLEWIGSIYYSGNTSYNPSLKTRVTISVDTSKNQFSLKLGSVTAADTAVYYCARRILLGSIHWGQGTLVTVSS,1
QVQLQESGPGLVKPSETLSLTCTVSGGSINNYYWNWIRQPPGKGLEWIGYVYFSGSTNYNPSLKSRVAISLDRSKKQFSLKLTSVTAADTAVYYCARGLTYNGYDVEAFDIWGQGTTVTVSS,1
EVQLVESGGGLVQPGGSLRLSCAASGFTFSNDDFHWVRQATGKGLEWVSVIGSAGDTYYADSVKGRFTISRENAKNSLFLQMNSLRAGDTAVYFCARGRMDPTMVGGRRYHFYYMDVWGKGTAVTVSS,1
QSLEESGGDLVKPEGSLTLTCKASGLDLGTYWFMCWVRQAPGKGLEWIACIYTGSSGSTFYASWVNGRFTISKTSSTTVTLQMTSLTAADTATYFCARGYS,0
QVQLVQSGAEVKKPGASVKVSCKASGYTFTGYYMHWVRQAPGQGLEWMGWINPNSGGTNYAQKFQGRVTMTRDTSISTAYMELSRLRSDDTAVYYCARGIARLQWLPTEADFDYWGQGTLVTVSS,0
EVQLLESGGGLVQPGGSLRLSCAASGFTFSNYWMNWVRQAPGKGLEWVSEIRLKSNNYATHYAESVKGRFTISRDDSKSTVYLQMNSLRAEDTAVYYCTRYYGNYGGYFDVWGAGTLVTVSS,0
EVQLVESGGGLVQPGGSLRLSCAASGITVSSNYMTWVRQAPGKGLEWVSLIYSGGSTYYADSVKGRFTISRDNSKNTLHLQMNSLRGEDTAVYYCARDLVAFGMDVWGQGTTVTVSS,1
EVQLQQSGAELVKPGASVNLSCTASGFNIKDTYMHWVKQRPEQGLEWIGRIDPANGNTKSDPKFQAKATIAADTSSNTAYLQLSSLTSEDTAVYYCTGGLRLRFFDYWGQGTTLTVSS,0
QVQLVQSGAEVKKPGSSMKVSCKASGGTFSRSAISWVRQAPGQGLEWMGGIIPMFGTPNYAQKFQGRVTITADESTSTAYMELSSLRSEDTAVYYCARDWIYGSGSYYGMDVWGQGTTVSVSS,1
QVQLQQSGAEVARPGASVKLSCKASGYTFTDYYLNWVKQRSGQGLEWIGEIDPGSDSIYYNENLEGRATLTADKSSSTAYMQLNSLTSEDSAVYFCARYGYSRYDVRFVYWGQGTLVTVST,0
QVQLVESGGGVVQPGRSLRLSCAASGFTFSTYAMHWVRQAPGKGLEWVAVLSYDGSNKYYADSVKGRFTISRDNSKNTLYLQMNSLRAEDTAVYYCAKGGSYAYYYYMDVWGKGTTVTVSS,1
EVQLVESGGGLVQPGRSLRLSCAASGFTFDDYAMHWVRQAPGKGLEWVSGISWNSGSIGYADSVKGRFTISRDNAKNSLYLQMNSLRAEDTALYYCAKDRIAARRGAFDIWGQGTMVTVSS,0
EVHLVESGGALVKPGGSLKLSCAASGFSFSKYGMSWVRQTPDKRLEWVATISSSGSRTYYPDSVKGQFTISRDNAKNTLYLQMSSLKSEDTAMYYCSISWDGAMDYWGQGTSVTVSS,0
EVQLQQSGAELVKPGASVKLSCTGSGFNIKDTYIYWLKQRPEQGLEWIGRIDPANGDTEYDPKFQGKATIRADTSSNTAYLQLSSLTSDDTVVYYCARKYGNNRAWFAFWGQGTLVTVSA,0
QLQLQESGPGRVRPSQTLSLTCIVSGVSISSPNYYWSWVRQLPGKGLEWIASISYSGTTYFNPSLKSRVDISGDTSKNQLSLNLRSVTAADTAVYFCVRSFMNTLGGLVDSYGMDVWGQGTMVTVSS,0
QVPLQESGPGLVKPSETLSLTCTVSGGSINSYYWNWIRQAPGKGLEWIGNIYYSGSTSYNPSLKSRVTISVDTSKNQFSLKLTSVTAADTAVYYCARGGFYDPYYFDSWGQGTLVTVSS,1
QITLKESGPTLVKPTQTLTLTCTFSGFSLTTSGVGVGWIRQPPGKALEWLALIYWNDDKRYSPSLNSRLTITKDTSKNQVVLTLTNMDPVDTATYYCAHGVFVTRGWSSGWLFDFWGQGTLVTVSS,1
QSLEESGGDLVKPGASLTLTCTASGFSFSDSFWIAWVRQAPGKGLEWIGCIHALSSGSTYYANWARGRFTISKTSSTTVTLQMNSLTAADTATYFCARSYAGYADYNVATGLNLWGPGTLVTVSS,0
QVQLVQSGAEVKKPGSSVKVSCKASGGTFSNYAITWVRQAPGQGLEWMGGIIPLFGTTYYAQKFQGRVTITADESTNTAYMELSSLRSEGTAVYYCAGHPRGDCANGVCYPPNYSYYMDVWGKGTTVTVSS,1
EVQLVESGGGVVQPGGSLRLSCAASGFTFSSYDMHWVRQATGKGLEWVSAIGTAGDTYYPGSVRGRFTISRENAKNSLYLQMNSLRAGDTAVYYCARGADSSNLWYFDFWGRGTLVTVSS,1
QVQLVQSGAEVKKPGSSVKVSCKASGGTFSSYAFNWVRRAPGQGLEWLGSIVPVFNTKTFARKFQGRVTLTADELTRTAYLELSNLRSDDTAVYYCASRYGDPFYYYYYMNVWGQGTLVTVSS,0
QVQLLQSAAEVKKPGSSVKVSCKASGDTFSSYAISWVRQAPGQGLEWMGGILPIFGTARYAEKFEDRVTITADELTRTAYMELRRLRSEDTAVYYCARAGSSLMTYGTDVWGRGTLVTVSS,0
QVQLVQSGAEVKKPGASVKVSCKTSGYTFTSYYIHWVRQAPGQGLEWMAMIDPSGGGRSNAQKFQGRVTMTKDTSTSTVYMELNSLKSEDTAVYYCARASWGSTLDYWGQGTLVTVSS,1
QVQLQQSGAEVKKPGSSVRVSCKASGGTFNNNAINWVRQAPGQGLEWMGGIIPMFGTAKYSQNFQGRVAITADESTSTASMELSSLRSEDTAVYYCARSRDLLLFPHTPLTFWGRGTMVTVSS,0
QVTLRESGPALVKPTQTLTLTCTFSGFSLSTSGMCVSWIRQPPGKALEWLALIDWDDDKYYSASLKTRLTISKDTSKNQVVLTMTNMDPVDTATYYCARISSDYGYYFDYWGQGTLVTVSS,1
QMQLVQSGTEVKKPGESLKISCKGSGYGFIFYWIGWVRQMPGKGLEWMGIIYPGDGETRYSPSFQGQVTISADKSINTAYLQWSSLKASDTAIYYCAGGGGISTPMDVWGQGTTVTVSS,1
QVQLVQSGAEVKKPGASVKVSCKASGFTFSTSYMSWVRQAPGPSTEWMGWIYAGDGGTKYNQKFKGRVTLTVDKSTSTAYMELSSLRSEDTAVYYCATDKYGDWFTYWGQGTLVTVSS,0
AVTLDESGGGLQTPGGALSLVCKASGFTFSSYPMGWVRQAPGKGLEWVAVINAASSGTHYGAAVKGRATISRDNGQSTVRLQLNNLRAEDTGIYYCAKGSSGSCGSCAGNIDAWGHGTEVTVSS,1
QVQLQESGPGLVKSSETLSLTCTVSGGSISSRRYYWSWIRQHPGGGLEWIGHIYYSGYTYYNPALKSRVIISADTSKNQFSLRLSSVTAADSAVYYCARDLALDGVDYWGQGTLVT,0
EVQLVESGGGLVQPGGSLRLSCAASGFTFSSYGMTWVRQAPGKGLEWVSYLSNGGDTTYYADSVKGRFTISRDNSKNTLSLQMNSLRAEDTAVYYCAKLYCSGVYCYASEAYFEFWGQGAPVTVSS,0
QVQLQQWGAGLLKPSETLSLTCVVYGGSFSDYSWSWIRQPPGKGLEWIGEINHSGFTNYNPSLKSRVTISVDTSKNQFSLKVSSVTAADTAVYYCARVSAHRIAVAGTGWFDPWGQGTPVTVSS,1
AVQLVESGGGLVQPGGSLRLSCKASGYSFTGYNMNWVRQAPGKGLEWVGNIDPYYGGTTYNRKFKGRATLSVDKSSSTAYLQMNSLRAEDTAVYYCARSVGPMDYWGQGTLVTVSS,0
QVQLVQSGGGLVQPGGSLRLSCAASGFTFSSYDMHWVRQGTGNRLEWVSTIGTAGDTYYADSVKGRFTISRENAKNSLYLQMSSLTAGDTAVYYCARQGNGYTYGNWYFDLWGRGTLVTVSS,1
EVQLVESGGGLVQPGRSLRLSCAASGFTFDDYAMHWVRQAPGKGLEWVSGISWNSGSIGYADSVKGRFTISRDNAKNSLYLQMNSLRAEDTALYYCAKAHVDTAMVKGPFWFDPWGQGTLVTVSS,1
QVQLVESGGGVVRPGRSLRLSCAASGFTFTNYGMHWVRQAPGKGLEWVAVIWYDGSNKDYADSVKGRFTISRDNSKNTLYLQMNSLRAEDTAMYYCAKPIYSYASGSYPDYWGQGTLVTVSS,1
QVQLQQSGAEVKKPGSSVRVSCKASGGTFNNNAINWVRQAPGQGLEWMGGIIPMFGTAKYSQNFQGRVAITADESTSTASMELSSLRSEDTAVYYCARSRDLLLFPRDPLRFWGRGTMVTVSS,0
QVQLKESGPGLVAPSQSLSITCTVSGFSLTSYAISWVRQPPGKGLEWLGVIWTGGGTNYNSALKSRLSISKDNSKSQVFLKMNSLQTDDTARYYCARKDYYGSSRNAMDYWGQGTSVTVSS,1
GVQLVESGAEVKRPGASVKVSCKASGYTFTGYYMHWVRQVPGQGLEWMGWINPNSGGTNYAQKFQGRVTMTRDTSISTAYMELSRLRSDDTAVYYCARSNWGGDAFDIWGRSTLVTVSS,0
EVQLVESGGGLIQPGGSLRLSCAASGFPFSGTYMTWVRQAPGKGLEWVSIIYSGGDTYYADSVKGRFTISRDNSKNTLFLQMNSLRVEDTAMYYCARDREMAIITERSYGLDVWGQGTMVTVSS,1
QLQLQESGPGLVKPSETLSLTCTVSGGSISSSSYYWGWIRQPPGKGLEWIGSIYYSGTTYYNPSLKSRVTISVDTSKNLFSLKLSSVTAADTAVYYCARGAVTPTDYWGQGTLVTVSS,1
EVQLVESGGGVVQPGGSLRLSCAASGFIFSYYGVHWVRQAPGKGLEWVAVISHDGSKKYFRDSLKDRFTISRDNSKNMLDLQMRNLKLEDTAVYYCVRDQMEVVVRNSEIDYWGQGVLVTVSS,0
QITLKESGPTLVKPTQTLTLTCTFSGFSLSTSGVGVGWIRQPPGKALEWLALIYWDDDRRYSPSLKSRLTITKDTSKNQVVLTMTNMDPVDTGTYYCAHNADNSASGSYRDENWFDPWGQGTLVTVSS,1
QVQLVQSGAEVKKPGESLRISCKGSGHNSPSYWISWVRQMPGKGLEWMGRIDPSDSYTNYSPSFQGHVTISADKSISTAYLQWSSLQASDTAIYYCARHVVALTHLYPDYWGQGTLVTVSS,1
EVQLVQSGAEVKKPGATVKISCKASGFNIKDYYMHWVQQAPGKGLEWMGWIDPENGDTEYAPKFQGRVTITADTSTNTAYMELSSLRSEDTAVYYCYARGVRQALDYWGQGTLVTVSS,0
EVQLVQSGAEVKRPGESLRISCKTSGYSFTDDWISWVRQMPGKGLEWMGHIYPDDADTRYNPSFQGHVTISADKSISTTYLHWSSLKASDTATYYCAKPRCSDSGCSSSFDYWGQGVLVTVSS,0
QVQLVESGGGVVQPGRSLRLSCVASGFTLSSYGMHWVRQAPGKGLEWVAVTSYDGSKKDYADSVKGRFTISRDNSKNTLYLQMNSLRAEDTAVYYCVSEGYCDSSSCYKYYYYGMDVWGQGTTVTVSS,0
QVQLVQSGAEVKKPGASVKVSCKASGYTFTSYGISWVRQAPGQGLEWMGWMNPNSGNTGYAQKFQGRVTMTRNTSTSTAYMELSSLRSEDTAVYYCARGQYYDILTGYNWFDPWGKGTLVTVSS,0
EVQLVESGGGLVQPGGSLRLSCAASGIIVSRNYMNWVRQAPGKGLEWVSVLYSGGSTFYADSVKGRFTISRDNSKNTLYLQMNSLRVEDTAVYYCARETTAVAGVGLFFDYWGQGTLVTVSS,1
QVQLVESGGGVVQPGRSLRLSCAASGFTFSSYGMHWVRQAPGKGLEWVAVISYDGSNKYYADSVKGRFTISRDNSKNTLYLQMNSLRAEDTAVYYCAKDLTIVVIPAAPNFDYWGQGTLVTVSS,1
QVQLVQSGAEVKKPGASVKVSCKASGYTFTGYYMHWVRQAPGQGLEWMGWISPNSGGTNYAQKFQGWVTMTRDTSVSTAYMELSRLRFDDTAVYYCATESWVYGSGSYSSGAFDIWGQGTMVTVSS,1
EVQLVESGGGLVQPGGSLRLSCAASGFTFNTYAMNWVRKAPGKGLEWVGRIRSKYNNYATYYADSVKGRFTISRDDSKNTLYLQMNSLRAEDTAVYYCVRHGNFGNSYVSWFAYWGQGTLVTVSS,0
QVQLVESGGGVVQPGRSLRLSCAASGFTFSSYGMHWVRQAPGKGLEWVAVISYDGSNKYYADSVKGRFTISRDNSKNTLYLQMNSLRAEDTAVYYCAKQGGQYCGGDCLTGYFDYWGQGTLVTVSS,1
QVQLVQSGAEVKKPGSSVKVSCKASGGTSSNYAITWVRQAPGQGLEWMGVIIPIFGSPNYAQKFQGRVTITADESSSTAYMELSSLRSEDTAVYYCARVGSGQWLVDYFDYWGQGTLVTVSS,1
EVQLVESGGGLVXPGXSLRLSCXASGFTFSRYGMSWVRQAPGKGLEWVXTISSGGSYTYYTDSVKGRFTISRDNAKNXLYLQMNSLXXEDTAVYYCERHGGDGYWYFDVWGQGTMVTVSS,0
QVTLRESGPALVKPTQTLTLTCTFSGFSLSTAGMSVGWIRQPPGKALEWLADIWWDDKKHYNPSLKDRLTISKDTSKNQVVLKVTNMDPADTATYYCARDMIFNFYFDVWGQGTTVTVSS,0
QVQLVQSGSEMKKPGSSVKVSCKAAGGTLNTHTFSWVRQAPGQGLEWMGRITPTVDLTNYAQKFQGRITITADTSTNTAYLELRRLRSEDTAIYYCATPLNDYYASGNLGLWGQGTLVTVSS,1
EVQLLESGGGLVQPGGSLRLSCAASGFTFSSYAMSWVRQAPGKGLEWVSTIEPGSATEYADSVKGRFTISRDNSKNTLYLQMNSLRAEDTAVYYCAKTQTGFDYWGQGTLVTVSS,0
ESGGGLVKPGASLTLTCKASGIDLSRYYWICWVRQAPGKGLEWIGCINSGSGYTYYANWAKGRFIISKTSSTTVTLQMTSLTAADTATYFCARGYGSGSNIYMGAYFDLWGPGTLVTVSS,0
EVQLVESGGGLVQPGGSLRLSCAASGFTFSSYDMHWVRQTTGKGLEWVSAIGTAGDTYYPDSVKGRFTISRENAKNSLYLQLNRLTAGDTAVYYCARGGMYGSGTYDLVTWYFDLWGRGTPVTVSS,1
QVQLQQPGAELVMPGSSVKMSCKASGYTFTDYWMHWVKQRPGQGLEWIGAIDASDSYTSYDQKFKGKATLTVDDSSSTAYIHLNSLTSEDSAVYYCARDFGYAMDYWGQGTSVTVSS,0
QITLKESGPTLVKPTQTLTLTCTFSGFSLSTNVVGVGWIRQPPGKALEWLALIYWNDDKRYSPSLKSRLTITKDTSKNQVVLTMTNMDPVDTATYYCAHGPTGDYFDYWGQGTLVTVSS,1
EVQLLESGAEVKKPGASVKVSCKAFGYPFTDYLLHWVRQAPGQGLEWVGWLNPYSGDTNYAQKFQGRVTMTRDTSISTAYMELSRLRSDDTAVYYCARSGLIIDALSPWGQGTMVTVSS,0
EEQLLESGGGLVQPGGSLRLSCAASGFTFSSHAMNWVRQAPGKRLEWVSGTTGPGDHTYYADSVKGRFTISRDNSKNTLYLQMSSLRVGDTAVYYCAKVINGNYDSWSGYFDYYYYAMDVWGQGTTVTVSS,1
EVQLVESGPGLVKPLETLSLTCAVSGDSVSSIFWSWIRQSPGKGLEWIGYIYGDGGSTNYNPSLKSRVTLSVDRSKNQFSLRLRSVTAADTAVYFCASLQDLTTPYNRFNVWGPGAPVAVSS,0
QVQLVQSGSELKKPGASVKVSCKASGYTFTDYSMHWVRQAPGQGLKWMGWINTETGEPTYAQGFTGRFVFSLDTSVSTAYLQISSLKAEDTAVYYCARIPLYYYGSRYWYFDVWGQGTTVTVSS,0
EVQLTESGGGLVQPGGSLRLSCRASGFIFSNHWMNWVRQAPGKGLEWIGEIRSKSIYSATHYAESVKGRFIISRDDNGNDLYLEMNSLKTEDTAEYYCAQNYYGSTPDYWGQGTLVTVS,0
EVQLVESGGGLVKPGGSLRLSCVASGFTFSYGWMNWVRQAPGKGLEWVGRIKSKSDGGTTDYAAPVNGRFTISRDDSQNTLYLQMNSLKTEDTAVYFCTEGPFKFDYWGQGTLVTVSS,1
QVQLVESGGGVVQPGKSLRLSCAASGFTFSSYAMHWVRQAPGKGLEWVAVIWYDGSNKYYADSVKGRFTISRDNSKNTLYLQMNRLRAEDTAVYYCARGDGGGYWSGYGEVKWGQGTLVTVSS,1
HVQLVESGGGLVQAGGSLRLSCAASGRTFSRYAAGWFRQAPGKEREFVAVIEWDGDSAYYADPVKGRFTISRDNAKNTVYLQMNRLKPEDTAVYICAVGGNHYSRSKYYNLDEYDDWGQGTQVTVSS,1
EVQLVQSGAEVTKPGTTLKISCKVSGYNSSAYYVHWVRQTPEKGLQWMGLIDREGRGAIYAETFKGRVTMIVDTSTATAYLEVTRLRSDDTAVYYCATGPGATRATIYGFAHWGQGTLVTVSS,1
QVQLVQSGAEVKKPGSSVKVSCKASGGTFNSDAFSWVRQAPGQGLEWMGSIIVIFGTTNYAQKFQGRVTLTADKSTTTVYMELSSLRSEDTAVYYCARGAPDLHDFWSGHYRQYFDYWGQGTLVTVSS,0
QVQLVQSGAEVKKPGASVKVSCKASGYTSTSYYMNWVRQAPGQGLEWMGIINPSRGSTSYAHKFQGRVTMTRDSSTSTVYMELSSLRSEDTAVYYCATFGGLMLKGSVFDLWGQGTMVTVSS,1
QSVEESGGRLVTPGTPLTLTCTVSGFSLSSYFMSWVRQAPGEGLEYIGFINPGGSAYYASWASGRLTISKTSTTVDLKITSPTTEDTATYFCARILIV,0
QIQLVQSGSELKKPGASVKVSCKASGYTFTHYGMNWVRQAPGQGLEWMGWINTYTGEPTYADGFTGRFVFSLDTSVSTAYLQISSLKAEDTAVYFCARDYYGSSPYWGQGTLVTVSS,0
QVQLQESGPGLVKPSGTLSLTCAVSGGSISSSNWWSWVRQPPGKGLEWIGEIFQSGSTSYNPSLSSRVTISVDKSKNQFSLNLRSVTAADTAVYFCARDEGERYCNSGSCYSRLDYWGQGTLVTVSS,1
EVQLVESGGGLVQPGGSLRLSCAASGFTFNTYAMNWVRQAPGKGLEWVGRIRSNGGSTYYADSVKGRFTISRDDSKNTLYLQMNSLRAEDTAVYYCVRHGNFGNSYVSWFAYWGQGTLVTVSS,0
QVQLVESGGGVVQPGRSLRLSCTVSGFTFSSYAMHWVRQGPGKGLEWVAVISYDGSNEFYADSVKGRFIISRDNSKNTLFLQMNSLRPEDTAVYYCARGQNHGNLLWFGELTMGGMDVWGQGTTVTVSS,1
QVQLVQSGAEVKKPGASVKVSCKASGYPFSYYTIHWVRQAPGQRLEWMGWINSGNGNTKYSQKFQGRVTITRDTSANTAYMELSGLTSEDTAFYYCAKVDSSGPAWFDPWGQGTLVTVSS,1
EVQLQQSGPELVKPGASVKISCKASGYAFSNSWMSWVKQRPGKGLEWIGRLFPADGDITYNGHFKDKAALTADKSSNTAYIQLSSLTSEDSAVYFCARMDNSEVFWGQGTLVTVSA,0
QVQLQQSGAELVKPGASVKLSCKASGYTFRSYDINWVRQRPEQGLEWIGWIFPGDGSTKYNEKFKGKATLTTDKSSSTAYMQLSRLTSEDSAVYFCARWTVVGPGYFDVWGAGTTVTVSS,0
EVQLLESGGGLVQPGGSLRLSCAASGFTFSSYYMSWVRQAPGKGLEWVSAISGSGGSTYYADSVKGRFTISRDNSKNTLYLQMNSLRAEDTAVYYCARYARTAFDLWGQGTLVTVSS,0
QVQLVESGGGVVQPGRSLRLSCAASGFTFSSYGMHWVRQAPGKGLEWVAVIWYDGSDKYYADSVKGRFTISRDNSKNTLYLQINSLRAEDTAMYYCAREATAGFDYWGQGNLVTVSS,0
QVQLQQSGAEVKKPGSSVKVSCKASGGTFSNYAFSWVRQAPGQGLEWMGGIIPIFGTANYAQKLQGRVTITADELTRTVYMDLSSLRSEDTAVYYCATGMGDHYGMDVWGRGTLVTVSS,0
QVQLVQSGAELKKPGSSVKVSCKASGGAFSNHAFIWVRQAPGQGLEWMGKVIPVSGSETYPQTLQGRVTITADTSTSTVYLEVSSLRSEDTAMYYCATGAYFYGSPFDSWGQGTLVTVSS,0
QLQLQESGPGLVKPSGTLSLTCAVSGDSITNTNWWCWVRQPPGKGLEWIGEIFHSGGTNYNPSLKSRVTMSVDKAKNQFSLKVNSVTAADTAVYFCTTNPGGGDGYSYWGQGTLVTVSS,0
DVQLVESGGGLVQPGGSLRLSCAASEFIVSSNYMSWVRQAPGRGLEWISVIYSGGSTFYADSVKGRFTISRDSSKNTLYLQMNSLRAEDTAVYYCARDLPLHGDYFDYWGQGTLVTVSS,1
QVQLQESGPGLVKPSQTLSLTCTVSGGSIISGDYYWTWIRQPPGKGLEWIGYIFYSGTTHYNPSLKSRLTMSVDTSKKQFSLRLSSVTAADTAVYYCARETRYCSGASCSGGYHYGMDVWGQGITVTVSS,1
EVKLEESGGGLVQPGGSMKLSCAASGFTFSDAWMDWVRQSPEKGLEWVAEIRTKANNHATYYAESVKGRFTISRDDSKSSVYLQMNSLRAEDTGIYYCTRLANWDYYFDVWGAGTTVTVSS,0
QVQLVQSGAEVKKPGSSVKVSCKTSGVIFSRNAFSWVRQAPGQGLEWMGRIIPFLDVTNSAQEFQGRVTLNADKSTSTVYMELSSLRSEDTAIYYCARHNGDPYDFWSGYNTWAGGLDVWGQGTTVTVSS,1
EVQLLESGGGLVQPGGSLRLSCAASGFTFSNYAMNWVRQAPGRGLEWVSAIHYDGSNSYYADSVKGRFTISRDNSKNTLYLQMNSLRAEDTAIYYCAILSRVYWGQGTLVTVSS,0
QVQLQQSGAEVKKPGSSVRVSCKASGGTFNNNAINWVRQAPGQGLEWMGGIIPMFGTAKYSQNFQGRVAITADESTSTAFMELSSLRSEDTAVYYCARSRDLLLFPHYGMDVWGRGTMVTVSS,0
QVQLQESGGGLVQPGGSLRLSCAAPGFTFSSYAMGWFRQVPGKGLEWVSGIYSDGSTYYADSVKGRFTISRDNAKNTVYLQMNSLKPEDTAVYYCAKDRLEGSSWPERDFGSWGQGTQVTVSS,1
QVQLVESGGGVVQPGRSLRLSCVVSGFTFSSYGMHWVRQAPGKGLEWVAVIWYDGSNKYYADSVKGRFTISRDNSKNVLYLQMNSLRVEDTAVYYCAREGIIGETSGLDYWGQGTLVTVSS,1
QVQLVQSGAEVKKPGASVKVSCKASGYTFTDYEMHWVRQAPGQGLEWMGALDPKTGDTAYSQKFKGRVTLTADKSTSTAYMELSSLTSEDTAVYYCTRFYSYTYWGQGTLVTVSS,0
QVQLQESGPGLVKPSETLSLTCAVSGYSISSGHYWTWIRQPPGKGLEWIGAIYHSGSTVYNPSLKSRVTISVDTSKNQFSLKLSSVTAADTAVYYCARGGQVTYSRGPLDVWGQGTTVTVSS,0
QSLEESGGDLVKPGASLTLTCTASGFSFSRGYYICWVRQAPGKGLEWIACIGAGSGGTYFASWAKGRFSISRTSSTTVTLQMTSLTAADTATYFCAREDAGNDDYGYARNLWGPGTLVTVSS,0
EVQLVQSGAEVKKPGESLKISCKGAGYIFTHYWIAWVRQMPGKGLEWMGIVHPGDSDTRYSPSFQAQVTISADKSINTAYLQWSSLKASDTAIYFCARHGVHSGYSGYDRWDGHYYGMDVWGQGTTVTVSA,1
QVQLQQSGAEVKKPGASVMVSCKASKYTFANHYIHWVRQAPGEGLEWMGNINPSGSSTRYAQRFQGRVTMTRDTSTSTVYMELSNLRSDDTAVYYCARATYDPLTGYSFDGFDIWGKGTLVTVSS,0
QVQLLESGGGLVKPGGSLRLSCVASGFTFSSYSMNWVRQAPGKGLEWVSSISSSSSYIYHADSVKGRFTISRDNAKNSLYLQVNSLRAEDMAVYYCARGSSPTGDEAWDAFDIWGQGTMLTVSS,1
QVQLVQSGAEVKKPGASVKVSCKASGYTFTGYYMHWVRQAPGQGLEWMGWINPNSGGTNYAQTFQGRVTMTRDTSITTTYMELSRLRSDDTAVYYCARVGWYDFGTPGDYYYYYGMDVWGQGTTVTVSS,1
QLQLQESGPGLVKPSETLSLTCTVSRGSISSSSYYWGWIRQPPGKGLEWIGTIYYSGSTYYNPSLKSRITISVDTSKNQFSLKLSSVTAADTAVYYCATCLVRGLKLTDYYFDYWGHGTLVTVSS,1
QVQLKESGPGLVAPSQSLSITCTISGFSLTDYGVHWVRQPPGKGLEWLVVIWSDGSSTYNSALKSRMTIRKDNSKSQVFLIMNSLQTDDSAMYYCARHGTYYGMTTTGDALDYWGQGTSVTVSS,0
EVQLQQSVAELVRPGASVKLSCTASGFNIKNTYMHWVKQRPEQGLEWIGRIDPSIDHTRYAPKFQGKAVITAFTSSNTAYLQLSSLTSEDTAIYYCAREGGGNYPYYYAIDYWGQGTSVTVSS,1
QLQLQESGPGLVKPSETLSLTCTVSGGSISSSSHFWGWIRQPPGKGLEWIGNVYYSGGSTYCNPSLKSRLTISVDTSKNQLSLKLSSVAAADTAVYYCARLGRFLTTVTPGAFDIWGQGTMVSVSS,1
QVQLVQSAAEVKKPGASVKVSCKASGYTFTSYGISWVRQAPGQGLEWMGWISAYNGNTNYAQKFQGRVTITRDTSASTAYMELSSLRSEDTAVYYCARGDYDILTGYYIPLRDYWGQGTLVTVSS,0
QLQLQESGPGLVKPSETLSLTCSVSGDSISRSSDYWGWIRQPPGRGLEWIGSIYRTGSTYYNPSLSSRVTISVDTSKSQFSLSLSSVTAADTALYYCARVRHDYVWGSIYYYGMDVWGQGTTVTVSS,0
EIQLQQSGVELVRPGASVTLSCKASGYTFTDYDMHWVKQTPVHGLEWIGTIDPETGGTAYNQKFKGKATLTADRSSTTAYMELSSLTSEDSAVYYCTSFYYTYSNYDVGFAYWGQGTLVTVSA,0
EVQLVESGGGLVQPGGSLRLSCAVSGYSITSGYSWNWIRQAPGKGLEWVASIKYSGETKYNPSVKGRITISRDDSKNTFYLQMNSLRAEDTAVYYCARGSHYFGHWHFAVWGQGTLVTVSS,0
EVMLVESGGGLVKPGGSLRLSCAASGFTFSNYAMSWVRQAPGKGLEWVATISSGGSHTYYLDSVKGRFTISRDNSKDTLYLQMSSLRAEDTALYYCARLFTGYAMDYWGQGTSVTVSS,0
QITLKESGPTLVKPTQTLTLTCTFSGFSLTSSGVGVGWIRQPPGKALEWLALIYWDDDKRYRPSLKSRLTITKDASKKQVVFTLTNMGPVDTGTYYCAHIGGQLAVSDPATFDFWGQGTLVTVSS,1
QVQLVQSGSELKKPGASVKVSCKASENIFTTFAIHWVRQAPGQGLEWMGWINTNTGNPTYAQGFTGRFVFSLDTSVNTAYLQISSLKTEDTAFYYCANSYDIYTYSLDSWGQGTLITVSS,1
QVQLVQSGAEVKKPGASVKVSCKASGYTFTNYDINWVRQAPGQGLEWMGWINPYNGNTNYAQNLQGRVTMTTDTSTSIAYMELRSLRSDDTAVYYCARGGGLYRRYYGLDVWGQGTTVTVSS,1
QVQLVESGGGVVQPGRSLRLSCVASGLAFSNYAMHWVRQAPGKGLEWVAVISYDGNNKNYADSVRGRFTISRDNSKNTLYLQINSLRAEDTAVYYCVRFYSPLHDLVIHYGNYWGQGALVTVSS,1
EVQLVEAGGGLVQPGRSLRLSCTASGFTFGDHAINWVRQAPGKGLEWVGFIRTKPYGGTADYAASVKGKFIISRDDSKSIAYLQMNGLKTEDTAVYYCAREEDRGYSGYDFLDYFYGMDVWGQGTTVIVSS,1
EVQLVESGGGLVKPGGSLRLSCAGPGFNFNSYTMDWVRQAPGKGLEWVSSISSRATYTYYADSVKGRFSISRDNTKNSLYLQMKSLRAEDTAVYYCAREEITISGVLVHPVMDVWGQGTTVTVSS,0
QEQLVESGGGVVQPGRSLRLSCSASGFTFNDFGMHWVRQAPGKGLEWVAFISFDGGAKNYADSVKGRFTISRDNSRNALSLQINSVRIEDTAVYYCAKEEGIMGYYYYYMDVWGKGTAVTVSS,1
EVQLVESGGGLVQPGGSLKLSCAASGFTFNKYAMNWVRQAPGKGLEWVARIRSKYNNYATYYADSVKDRFTISRDDSKNTAYLQMNNLKTEDTAVYYCVRHGNFGNSYISYWAYWGQGTLVTVSS,0
QVQLVESGGGLVQPGGSLRLSCAASGFTFSSYWMNWVRQAPGKGLEWVSGIESKWAGGATYYAAGVKGRFTISRDNSKNTLYLQMNSLRAEDTAVYYCARGFGTDFWGQGTLVTVSS,0
EVQLVQSGAEVKKPGASVKVSCKASGYTFTKYTMHWVRQAPGQGPEWMGWINGGSGDTKYSRKFQGRVTITKDTSASAAYMELSSLGSEDTALYYCARATYDPLTGYSFDGFDIWGQGTLVTVSS,0
EVQLVESGGGLVQPGRSLTLSCAASGFTFDDYAMHWVRQAPGKGLEWVSGISWNSGTIGYADSVQGRFIISRDNAKNSLFLHMRSLRAEDTALYYCAKDIRGIMIDDTIYGMDVWGQGTTVTVSS,1
EVQLVQSGAEVKRPGASVKISCKTSGYTFTTFYIHWVRQVPGQGLQWMGIINPSGGQTTYEQPFQGRITMTRGTSTSTVYMELSSLRSEDTAIYYCARDSTAFDFRSGYSLQEPTWFAPWGQGTLVTVSS,1
QSLEESGGRLVTPGTPLTLTCTLSGFSLSAYYMSWVRQAPGKGLEWIGFITLSDHISYARWAKGRFTISKTSTTVDLKMTSPTTEDTATYFCARSRGWG,0
QIQLVQSGPELKKPGETVKISCKASGYTFTNYGMNXWVKQAPGKGLKWMGWINTXNTGEPTYAEEFKGRFAFSLETSASTAYLQINNLKNEDTATYFCARRGYYYGSRXXXXXYGAMDYWGQGTSVTVSS,0
QVQLVQSGAEVKKPGASLKVSCKASGYTFTGYYIHWVRQAPGQGLEWMGSINPNSGGSKSAQTFQGRVTMTRDTSITTAYMELSRLTSDDTAVYYCARDWDPRMSEYFQHWGQGTLLTVSS,0
EVQLLESGGGLVKPGGSLRLSCAATGFTFSNAWMNWVRQAPGKGLEWVGRIKSNFDGGTTDYAAPVKGRFSISRDDSKNTLYLQMNSLNTEDTAVYYCTTDVVDDDFRSGYIEHDAFDFWGQGTRVTVSS,0
QVQLVESGGGVVQPGRSLRLSCAASGFTFSSYTMHWVRQAPGKGLEWVTFISYDGNNKYYADSVKGRFTISRDNSKNTLYLQMNSLRAEDTAIYYCARTGWLGPFDYWGQGTLVTVSS,0
EVQLVESGGGLVQPGRSLRLSCAASGFTFDDYAMHWVRQAPGKGLEWVSGISWNSGTIGYADSVKGRFIISRDNAKNSLYLQMNSLRPEDTALYYCAKDIIRQGEDGMDVWGQGTTVTVSS,1
EVKLVGSGGGLVQPGGSLRLSCAVSGFTFSIYDMNWVRQAPGKGLEWVSYLSYNGETVYYADSVKGRFTISRDNARKSLSLQLSSLRAEDTAAYYCTRSQTGSYFRGYVDSWGQGVLVTVSS,0
QVQLVQSGAEVKKPGASVKVSCKASGYTFISYYIYWVRQAPGQGLEWIGGINPRNGGTNFNEKFKSRATLTVDTSISTAYMELSRLRSEDTAVYYCTRHGNGVYWGQGTTVTVSS,0
QVQLVESGGGVVQPGRSLRLSCTASGFTLSNYPVHWVRQAPGKGLEWVAVISYDGSNKFYADSVKGRFIISRDISKNTLSLQMNSLRTEDTSVYYCARGAGDFTFWSVGEYFDYWGQGTLVTVSS,1
EVQLLESGGGLVQPGGSLRLSCAASGLTVSSYAMSWVRQAPGKGLEWVSRISGSGGSTYYADSVKGRFTISRDNSKNTLYLQMNSLRAEDTAVYYCAKDLRFLEWGLDYWGQGTLVTVSS,1
QVQLVQSGAEVKKPGSSVKVSCKASGGTFSSYAISWVRQAPGQGLEWMGGIIPIFGTANYAEKFQGRVTVTADESTNTAYMELSSLSSEDTAVYYCARVNPCGAALECYFDYWGQGTLVTVSS,1
EVKLVESGGGLVQPGGSLRLACATSGFTFTDYYMSWVRQPPGKALEWLGFIRNKAKGYTTEYSASVKGRFTISRDNSQSSLYLQMNTLRAEDSATYYCARDHDGYYERFAYWGQGTLVTVS,0
EVQLVESGGGLVQPGGSLRLSCAASGFTFNTYAMYWIRQAPGKGLEWVARIRSKSNNYAIYYADSVKDRFTISRDDSKNSLYLQMNSLKTEDTAVYYCARPYSDSFAYWGQGTLVTVSS,0
LVQLEESGTVLPRPGASVKMSCKASGYTFTSYWMHWVKQRPGQGLEWIGAIYPGNSDTNYNQKFKGRATLTAVTSTSTASMELSSLTNEDSAVYYCTRDGYGSLYYYAMDFWGQGTSVTVSS,1
QVQLVQSGAEVKKPGSSVKVSCKASGGNFIRDAFSWVRQAPGQGLEWMGRIIPFLEIPIYAQKFQDRVTITADKPTSTAYMELSSLRSEDTAVYYCARAQIVDIALAYNAVYYYGMDVWGQGTTVTVSS,1
QVQLVQSGAEVKKPGSSVKVSCKASGGTVSSRTISWVRQAPGQGLEWMGGSLPPSGAPIYAQKFQGRVAITADALTNTAFMELRSLKSDDTAVYYCARDQGRYLDLWGRGTLVTVSS,0
DVQLVESGGGLVQPGGSRKLSCSASGFAFSSFGMHWVRQAPEKGLEWVAYISSGSGTIYYADTVKGRFTISRDDPKNTLFLQMTSLRSEDTAMYYCVRSIYYYGSSPFDFWGQGTTLTVSS,0
QVQLQQSGGGLVQPGRSLRLSCAASGFTFDDYAMHWVRQAPGKGLEWVSGITWNSGTIGYADSVKGRFTISRDNAKNSLYLQMRSLRAEDTALYYCAKDSGRKLLWGREDYYMGVWGKGTTVTV,1
QIQLVESGGGVVQPGRSLRLSCAASGFTFGYYAMHWVRQAPGKGLEWVAVISYDGSIKYYADSVKGRFTISRDNSKNTLYLQMNSLRAEDTAVYYCAREGPYSNYLDYWGQGTLVTVSS,0
QSLEESGGRLVKPDETLTITCTVSGIDLSSNGLTWVRQAPGEGLEWIGTINKDASAYYASWAKGRLTISKPSSTKVDLKITSPTTEDTATYFCGRIAFKTGTSIWGPGTLVTVSS,0
QVQLQESGPGLVKPWGTLSLTCAVSGGSISSSHWWTWVRQPPGKGLEWIGEVHHSGNTNYNPSLRTRVTIAVDKSKNHFSLRLTSVTAADTAVYYCARLFSDSGNYFWFDPWGQGTLVPVSS,1
QVQLQQSGAELARPGASVKMSCKASGYTFTSYTMHWVKQRPGQGLEWIGYINPSSGFTNYNQKFKDKATLTADKSSSTAYMQLSSLTSEDSAVYYCASRFAYWGQG,0
QVQLVQSGTEVKKSGSSVKVSCKASGDTFGSFAINWVRQAPGQGLEWMGGIFPIFGSTFYAKKFQGRVTITVDETTSTAYLEVTSLTSDDTAVYYCARDRGYQLYYFESWGQGTLVIVSS,0
QVTLKESGPGILQPSQTLSLTCSFSGFSLSTSGMGVGWIRQPSGKGLEWLAHIWWDDVKRYKPALKSRLTVSKDTSSNQVFLKIATVDAADTGTYYCARIVDGHPPFAYWGQGTLVTVSA,0
QVQVQQSGAELARPGASVKLSCKASGYTLTRYWMQWVKQRPGQGLEWIGAIYPRDGDTRYSQKFKGKATLTADKSSTTAYMQLSSLASEDSAVYYCAYPDGSYAAPNGMEYWGQGSSVTVSS,0
EVQLVESGGGLVQPGGSLRLSCAASGFTINNWGIHWVRQAPGKGLEWVAGIGPYWGYTSYADSVKGRFTISADTSKNTAYLQMNSLRAEDTAVYYCARFGNHHDGVMDYWGQGTLVTVSS,0
QITLKESGPTLVKPTQTLTLTCTFSGFSLSTSGVGVGWIRQPPGKALEWLALIYWDDHSPYSPSLKSRLTITKDTSKNQVVLTMTNMDPVDTATYYCARTRGAFDIWGQGTMVTVSS,0
HSQVQASGTELVKPGASVKLSCKASGYTFTSYWMHWVKQRPGQGLEWIGNINPSNGGTNYNEKFKNKATLTVDKSSSTAYMQLSSLTSEDSAVYYCATQLGRGYFDYWGQGTTLTVSS,0
QVTLRESGPALVKPTQTLTLTCTFSGFSLNTSGMCVTWIRQPPGKALEWLAHIDWDDDKYYNTSLKTRLTISKDTSKNQVILTVTNMDPVDTGTYYCARGQAGHMFQGVFVSYYYGLDVWGQGTTVTVSS,1
QVQLVESGGGVVQPGRSLRLSCAASGFTFSNYGMHWVRQAPGKGLEWVAIISFDGSNRYYADSVKGRFTISRDNSKNTLYLQMDSLRAEDTAVYYCAKDLSFYYDISTGYYPQSYNSGTDVWGQGTTVTVSS,1
QVTLKESGGRLVKPTETLTLTCTVSGFSLSSFNMDWVRQPPGKGLEWIGAVSTGGSAYYAKWAKGRFTISKDTSKNQVVLTITNMDPVDTATYFCARVDSSGWGYFDLWGQGTLVTVSS,0
EVQLLESGGGLVQPGGSLRLSCAASGFTFSWYIMGWVRQAPGKGLEWVSRIYPSGGSTHYADSVKGRFTISRDNSKNTLYLQMNSLRAEDTAVYYCTRQRYRGPRYYYYIDAWGQGTTVTVSS,0
QLLESGGGLVQPGGSLRLSCAASGFTFSSYAMSWVRQAPGKGLEWVSAISGSGGSTYYADSVKGRFTISRDNSKNTLYLQMNSLRAEDTAVYYCARVTKTPFWGTLDYWGQGTLVTVSS,0
QVQLQQSGPELVRPGASVKMSCKASGYTFTNYWMHWVKQRPGQALEWIGMIDPSKSETTLNQKFRGKATLNVDKSSNTAYMQLSSLTSEDSAVYYCAREVYYFDYWGQGTTLTVSS,0
QVQLQQWGAGLLRPSETLSLTCAVYGGSFSGFYWSWIRQSPGKGLEWIGEITHSGTTEYNPSLKSRVTISIETSKNQFSLKLTSVTPADTALYYCARSRWGWLLRGAFDIWGQGTLFTVSS,1
QVQLLESGGGLVQPGGSLRLSCAASGFTFSTAAMSWVRQAPGKGLEWVSSIEYYDTDTHYADSVKGRFTISRDNSKNTLYLQMNSLRAEDTAVYYCARELSYLYSGYYFDYWGQGTLVTVSS,0
QSVEESGGRLVTPGTPLTLTCTVSGIDLSSYAMIWVRQAPGKGLEYIGIIWSGGTYYATWAKGRFTISKTSTTVDLQITSPTTEDAATYFCAAGGGSIYDVWGPGTLVTVSS,0
EVQLVESGPVLVKPTETLTVTCTVSGFSVDNDRMGVSWIRQPPGKALEWLAHIFSNDEKSYSTSLRSRLTISKDTSKRQVVLSMTDMDPVDTATYYCARAPSEYAAMDVWGQGTMVTVSS,0
QVQLVESGGGLVQPGGSLRLSCAASGFTFSSYAMSWVRQAPGKGLEWVSVISAWGHVKYYADSVKGRFTISRDNSKNTLYLQMNSLRAEDTAVYYCARWGDEGFDIWGQGTLVTVSS,0
QVQLQESGPGLVAPSQSLSITCTVSGFSLTGYGVNWVRQPPGKGLEWLGMIWGDGNTDYNSALKSRLSISKDNSKSQVFLKMNSLHTDDTARYYCARERDYRLDYWGQGTTLTVSS,0
EVQLLESGGGLVQPGGSLRLSCAASGFTFSSYWMHWVRQAPGKGLEWVSDISSASSYTNYADSVKGRFTISRDNSKNTLYLQMNSLRAEDTAVYYCARGLDARRMDYWGQGTLVTVTS,0
EVQLLESGGGLVQPGGSLRLSCAASGFTFSSYWMRWVRQAPGKGLEWVSGINGTGGSTLYADSVKDRFTISRDNSENTLYLQMNSLRAEDTAVYYCAGGGSGGWSFWGQGTLVTVSS,0
EVQLVESGGGLVQPGGSLRLSCAASGFTFSTYGMSWVRQAPGKGLEWVSYISISGGSTYYTDSVKGRFTISRDNSKNTLSLQINSLRPEDTAVYYCAKEGWAYFDYWGQGVLVTVS,0
EEQLVESGGGLVKPGESLRLSCTASGFTFNSYSIHWVRQAPGKGLEWVSSISSTGTYTFYADSVKGRFTVSRDNARNSLYLQMDSLRAEDTAMYYCVRNMFGQGTLATVSS,1
QVQLVESGGGLAQSGDSLRLSCAASGRTFDINYMAWFRRAPGKEREFVAASSWTGVGTYYADSVKGRFTISRDNNKNTLYLQMDSLKPEDTAVYYCAADSNIDRLHSAGSDYRYWGQGTQVTVSS,1
QVQLQQPGAELVRPGASVKLSCKASGYTFTSYWLNWVKQRPGQGLEWIVMIDPSDSETHYNQVFKDKATLTVDKSSSTAYMQLSSLTSEDSAVYYCIRGRGNFYGGSHAMEYWGQGTLLTVSS,0
QVQLVESGGGLVQAGGSLRLSCAASGFPVYFSYMAWYRQAPGKEREWVAAINSEGDSTTYADSVKGRFTISRDNAKNTVYLQMNSLKPEDTAVYYCNVKDYGWYNSQYDYWGQGTQVTVSS,1
VELVESGGGLVQPGGSLRLSCAASGFSFPNFWMHWVRQAPGKGLVWVSRIKSDGTATIYADSVKGRFSISRDNARNMLFLEMNSLKDDDTAVYYCVRDRGYYDISGNYYSAWFDPWGQGTQVTVAS,1
QVQLVESGGGVVQPGRSLRLSCAASGFTFSSYTMHWVRQAPGKGLEWVTFISYDGNNKYYADSVKGRFTISRDNSKNTLYLQMNSLRAEDTAIYYCARTGWLGPFDYWGQGTLVTVSS,0
QVQLLQSGAEVKKPGSSVKVSCKASGGTFSSYTISWMRQAPGQGPEWLGKIFPILGATDYAQKFQGRITIIADKSTNTAYLELSSLRSEDTAVYYCARESGYSGSGSVTYFHLWGRGTLVTVSS,1
QITFKESGPTLVKPTETLTLTCTFSGFSVSTSGEGVGWIRQPPGKALEWLAVIYWDDDKRYSPSLKSRLTITRDTSKNQVVLTMTNMDPVDTATYYCAHRLWFRDAFDIWGQGTTVTVSS,1
QVQLVQSGAEVKKPGASVKVSCKASGYTFGSYDINWVRQATGQGLEWMGRMNPNSGNTGYAQKFQGRVIMTMNTSISTAYMELSSLRSEDTAVYYCARGGFWGSNWYLGRFDYWGQGTLVTVSS,1
EVQLLESGEGLVQPGGSLRLSCAASGFTFSSYAMSWVRQAPGKGLEWVSAISGSGGSTYYADSVKGRFTISRDNSKNTLYLQMNSLRAEDTAVYYCATDPYYDSSGYYPFSYWGKGTTVTVSS,0
QVQLAEFGGGVVQPGKSLRLSCAASGFIFRNYGMHWVRESPGKGLQWVAVISYDGSNAYYADSVKGRFTISRDNSNNTVYLEMSSLTADDTAVYHCAKVGGRAHPDDGGGWFDPWGQGTLVTVSS,1
VQLVESGGGVVQPGRSLRLSCAASGLTLRSYGLHWVRQAPGKGLEWVAVISSDGSLKYYADSVKGRFTLSRDNSKNTVFLQMNRLRPEDTAVYFCAEEASETYLGSPNWFDPWGQGTLVTVSS,1
EVQLLESGGGLVRPGGSLRLSCAVSGFTFSGNALTWIRRAPGKGLEWVSTIGDSGGGSYYADSVKGRFTISRDNSKSTLYLQMNSLTAEDTAVYYCARDPYGDYRDYYGIDVWGQGTTVTVSS,0
GAEVKRPGASVNVSCKASGSTFTSHGFSWVRQAPGQGLEWMGWISGNSGNTYYVQKFQGRVTMTTDTSTSTVYMELRSLRSDDTAVYYCARDSNYYSDGNSHWIIDYWGQGT,0
QVQLVQSGAEVKKPGSSVKISCKASGGTFSSYAISWVRQAPGQGLEWMGTVIPNSNIRKYAQKFQGRVTITADDSTRTAYMELSSLRSGDTAIFYCARGKRYSYGWYFDIWGRGTMVTVSS,0
QVQLVQSGAEVKKPGSSVKVSCKPSGGTFNKLGFSWVRQAPGQGLEWVGGIMPSFGTANFPQKFQGRVSITTDESTSTAYMELRSLRSEDTAVYFCATDKSIGGYSYGPSDFWGQGTLVTVSS,0
QVQLVESGGGVVQPGRSLRLSCATSGFTFSNYGMHWVRQAPGKGLEWVAVILYDGSNKYYPDSVKGRFTISRDNSKNTLYLQMNSLRAEDTAVYYCARGGSSWYPDSFDIWGQGTMVTVSS,0
EVQLVESGGGLVKPGGSLRLSCAASGFTFSNYWMNWVRQAPGKGLEWVGEIRLKSNNYATHYAEPVKGRFTISRDDSKSTVYLQMNSLKTEDTAVYYCTRYYGNYGGYFDVWGAGTLVTVSS,0
QVQLVESGGGVVQPGRSLRLSCAASGFTFSSYTLHWVRQAPGKGLEWVAVISSDGSSKYYADSVKGRFTISRDNSKNTLYLQMNSLRAEDTAVYYCARDPPPGNMGSMAQHLVLLVVFDIWGQGTMVTVSS,1
QVQLVQSGAEVKKPGSSVKASCKASGGTFSSYAISWVRQAPGQGLEWMGSIIPIFGTANYAQKFRGRVTITADESTSTTYMELSSLRSEDTAVYYCARESGGYRDHRLDVWGQGTMVTVSS,0
QSVEESGGRLVTPGTPLTLTCTVSGFSLSSAVMNWVRQAPGKGLEWIGSIVASGTTYYASWANGRFTISKTSSTTMDLKMTSPTTEDTATYFCARGGGEFFIWGPGTLVTVSS,0
QVQLVESGGGLVQAGDSLRLSCVSSEPTFSSRTMGWFRQAPGKERDNVATIPWWRGALPYYKDSVKGRFTISRDSAKNTMYLQMNSLKPEDTAVYYCAASKTWSPSTGVATEYEFRGQGTQVTVS,1
QVQLVQSGAEVKKPGASVKVSCKASGYTFTTYGISWVRQAPGQGLEWMGWISTYKTYTNYAQKFQGRVTMTTDTSTSTAYMELRSLRSDDTAVYYCAKVAGGSGSYGDYWGQGTLVTVSS,0
EVQLLESGGGVVQPGRSLRLSCAASGFIFSEFYDMHWVRQAPGKGLQWVAVISVDGSDKHYADSVKGRFTISRDNSQNMLFLQMDSLRGDDTAVYYCARDGKSLNGYSGLIDYWGQGSLVTVSS,0
QVQLQQSGAEVKKPGSSVRVSCKASGGTFNNNAINWVRQAPGQGLEWMGGIIPMFGTAKYSQNFQGRVAITADESTSTASMELSSLRSEDTAVYYCARSRDLLLFPSAPISFWGQGTMVTVSS,0
AMHWVRQVAGKGLEWVSSISWNSGRIGYADSVKGRFTISRDNAKNSLYLEMNSLRAEDTALYYCARDSWGRG,0
QVQLQESGPGLVKPSETLSLTCTVSGGSISSYHWNWIRQPPGKGLEWIGYIYYSGNTNYNPSLKSRVSISTDTSKNQFSLKLSSVTAADTAVYYCVREMRRGYSGYDYWDLYAFDIWGQGTMVTVSS,1
EVQLVQSGAEMKKPGESLKISCKVSGYRFTTYWIGWVRQVPGKGLEWMGTIYPGDSDTRYSPSFQGQVTISADKSISTAYLQWRSLKASDTAMYYCARQGDYFGVRGVFWFDPWGQGTLVTVSS,1
QVQLQQSGAEVKKPGSSVRVSCKASGGTFNNNAINWVRQAPGQGLEWMGGIIPMFGTAKYSQNFQGRVAITADESTSTASMELSSLRSEDTAVYYCARSRDLLLFPYSHLEFWGRGTMVTVSS,0
QVQLQQSGAEVKKPGSSVRVSCKASGGTFNNNAINWVRQAPGQGLEWMGGIIPMFGTAKYSQNFQGRVAITADESTSTASMELSSLRSEDTAVYYCARSRDLLLFPHYPLLFWGRGTMVTVSS,0
QVQLVESGGGLVQPGGSLRLSCAASGRQAVVFGWFRQAPGKGLEAVAAIHVPAKNRYYADSVKGRFTISRDNSKNTLYLQMNSLRAEDTAVYYCAAHYEFNDFVWQGYSSDYWGQGTQVTVSS,1
QVTLKESGGGLVQPGGSLRLSCAAPGFTFSSYAMSWVRQAPGKGLEWVSAISGSGGSTYYADSVKGRFTISRDNSKNTLYLQMNSLRAEDTAVYYCAKYRGKWLLLTPSDWYFDLWGRGTLVTVSS,0
EVQLVESGGGLVQPGGSLRLSCAASGFTFSNYWMNWVRQAPGKGLEWVGEIRLKSNNYATHYAEPVKGRFTISRDDSKSTVYLQMNSLKTEDTAVYYCTRYYGNYGGYFDVWGAGTLVTVSS,0
EVQLLESGGGLVQPGGSLRLSCAASGFTFAEYTMMWVRQAPGKGLEWVSRIGQDGKNTVIRDSVKGRFTISRDNSKNTLYLQMNSLRAEDTAVYYCAKYTGRVGVHHLFDYWGQGTLVTVSS,0
EVQLVESGGGLIQPGGSLRLSCAASGFTVSSNYMSWVRQAPGKGLEWVSVIYSGGSTYYADSVKGRFTISRDNSKNTLYLQMNSLRAEDTAVYYCARDRRGFDYWGQGTMVTVSS,0
EVKLEESGGGLVQPGGSMKLSCAASGFTFSDLWMDWVRQSPEKGLEWVAEIRTKANNHATYYAESVKGRFTISRDDSKSSVYLQMNSLRAEDTGIYYCTRLANWDWYFDVWGAGTTVTVSS,0
QVQLKQSGPGLVQSSQSLSITCTVSGFSLTTYAVHWVRQSPGKGLEWLGVIWSGGTTDYNAAFISRISITKDDSKSQVFTKMNSLQPNDTAIYYCARNGGDNYPYYYAMDYWGQGTSVTVSS,0
EVQLVESGGGLVQPGGSLRLSCAASGFTFSNYDMYWVRQSTGKGLEWLSTIGTAGDTYYPDSVKGRFTISRENAKNSLYLQMNSLRAGDTAVYYCVRGDYDSTGFYSFFDNWGQGTLVTVSS,1
EVQLVQSGAEVKKPGATVKISCKASGFNIKDYYMHWVQQAPGKGLEWMGWIDPENGDTEYAPKFQGRVTITADTSTNTAYMELSSLRSEDTAVYYCYARGVRQALDYWGQGTLVTVSS,0
EVQLVQSGAEVKKPGASVKVSCKASGFTFTSYYIHWVRQAPGQGLEWIGWIYPENDNTKYNEKFKDRVTITADTSTSTAYLELSSLRSEDTAVYYCARDGYSRYYFDYWGQGTLVTVSS,0
QVQLVQSGAEVKKPGSSVKVSCKASGYTFTEYIIHWVRQAPGQGLEWIGWFYPESGSVKYNEGFKGRATITADKSTSTAYMELSSLRSEDTAVYYCARHEERDYYGYYAMDYWGQGTTVTVSS,0
QVQMVESGGGLVRPGGSLRLSCAASGFTFSDYYMSWIRQAPGKGLEWISYISSSGSSMNYADSVKGRFTISRDNAKNSLFLQMNSLRAEDTAVYYCAREFDLTKIIMVPPYWGQGTLVTVSS,1
EVQLQQSGPELVKPGASVKISCKASGYAFSSSWMNWVKQRPGKGLEWIGRIYPGDGDTNYNGKFKGKATLTADKSSSTAYMQLSSLTSEDSAVYFCARDHGPAWFAYRGQGTLVTVSA,1
QVQLQQSGAELVQPGASVKMSCKASGYTFTSYWTTWVKQRPGQGLEWIGDIYPGSGSTNYNEKFKSKATLTVDTSSSTAYMQLSSLTSEDSAVYYCARELGDAMDYWGQGTSVIVSS,0
QVQLVESGGGVVQPGRSLRLSCAASGFTFRSYGMHWVRQAPGKGLEWVAFISYDGSDKYYADSVKGRFTISRDNSKNTLYLQMNSLRAEDTAVYYCARDLSAGHCTGGVCYTAGGIDYWGQGTLVTVSS,1
QVQLVQSGAEMKKPGASMKVSCKASGYTFTSYGISWVRQAPGQGLEWMGWISAYNGNTNYAQKLQGRVTMTTDTSTSTAYMELRSLTSDDTAVYYCARVNDGFGYDFRQTYYFDYWGQGTLVTVSS,1
QVLLVESGGGVVQPGRSLRLSCAASDFIFSNYAIHWVRQAPGKGLEWVAGVSSDGTIKYYADSVKGRFTISRDNSKKTLYLQMNSLRTEDTAVYHCAREALETTVTIFDYWGQGTLVTVSS,1
QVQLVESGGGVVQPGRSLRLSCVASGFTFSSYGMHWVRQAPGKGLEWVAVISYDGSNKYYADSVKGRFTISRDNSKNTLYLQMNSLRVEDTAVYYCARDHGGRYVYDYGMDVWGQGTTVTVSS,0
QVQLVQSGTEVKKPGSSVRVSCKASGASFSNHGIVWVRQAPGQGLEWIGGIVPIVGGANYAQNFQGRVTITADKSTNTAYLELRSLRSDDTAVYYCARDVPGQCTRTTCFNFSSQWGQGTLVTVSS,0
QVQLVQSGAEVKKPGASVKVSCKASGYTFTGYYMHWVRQAPGQGLEWMGWINPNSGGTNYAQKFQGRVTMTRDTSISTAYMELSRLRSDDTAVYYCARPIVGATFDYWGQGTLVTVSS,0
